title,location,company,department,link,scrape_timestamp
Group Lead AI Engineering - NEURAGym (human),Aachen,Neura Robotics,AI,https://jobs.neura-robotics.com/offer-redirect/?offerApiId=MDFhYzYzYTQtYTdjNy00ZmUyLThmNGEtMWU2NDVkMGM2N2Ew&showApplicationForm=false,2026-09-04_14-46-58
Group Lead Robotics Service & Maintenance - NEURAGym (human),Aachen,Neura Robotics,AI,https://jobs.neura-robotics.com/offer-redirect/?offerApiId=MmRiNzczYTUtMmU0Zi00Y2JjLWJiZDQtYmNkMGQ0YjQ5YmEy&showApplicationForm=false,2026-09-04_14-46-58
Physical AI Data Operations Expert (human),Aachen,Neura Robotics,AI,https://jobs.neura-robotics.com/offer-redirect/?offerApiId=OTAzNzJiZWMtZWFkNi00MTMzLTgxNTItNGJiYzgyZGQzNDJl&showApplicationForm=false,2026-09-04_14-46-58
Physical AI Trainer - RoboGym (human),Aachen,Neura Robotics,AI,https://jobs.neura-robotics.com/offer-redirect/?offerApiId=MDA3OGFhZGUtOGIxMS00MzU3LTk3NjQtZDU3ZmYyNDU1Y2Qx&showApplicationForm=false,2026-09-04_14-46-58
Teamlead AI Engineering - NEURAGym (human),Aachen,Neura Robotics,AI,https://jobs.neura-robotics.com/offer-redirect/?offerApiId=NTc1N2VkYzQtNDNhZi00NTIxLThkODAtYzY4ZWZjMGI2ZGMy&showApplicationForm=false,2026-09-04_14-46-58
Teamlead AI Engineering - NeuraGym (human),Aachen,Neura Robotics,AI,https://jobs.neura-robotics.com/offer-redirect/?offerApiId=NTFjODNmZWMtODZhZS00ZWI4LWFkZDEtOTkxMDc4Y2Y5ZTNj&showApplicationForm=false,2026-09-04_14-46-58
(Senior) Robotics AI Engineer – Training & Deployment (Physical AI) (human),Munich,Neura Robotics,AI,https://jobs.neura-robotics.com/offer-redirect/?offerApiId=ZTA2NjZjODUtZGNiMi00NjA2LWFjNmYtNTZjOWE1OGIzY2Nm&showApplicationForm=false,2026-09-04_14-46-58
AI Manipulation Engineer (human),Munich,Neura Robotics,AI,https://jobs.neura-robotics.com/offer-redirect/?offerApiId=MzNlMTZkODQtNGJjZC00ZDQ1LTk4OTEtMzdlOWUzODFjN2M4&showApplicationForm=false,2026-09-04_14-46-58
Robot Operator (human),Munich,Neura Robotics,AI,https://jobs.neura-robotics.com/offer-redirect/?offerApiId=ZjRmNzZmMzctOWQwOS00NDg2LWE0MjUtOTYzMGEzMDQxYTJi&showApplicationForm=false,2026-09-04_14-46-58
AI Data Annotation Specialist (human),Riederich,Neura Robotics,AI,https://jobs.neura-robotics.com/offer-redirect/?offerApiId=YWU3NDJjNDMtNjMwMS00ZGNjLWI4MjUtNTA2Njg4MDc0NTdh&showApplicationForm=false,2026-09-04_14-46-58
AI Data Engineer (human),Riederich,Neura Robotics,AI,https://jobs.neura-robotics.com/offer-redirect/?offerApiId=OTg1ZjdlZmQtZGIxYy00MmZmLThlODktMmNkOGJlYzc0NTg2&showApplicationForm=false,2026-09-04_14-46-58
"AI Engineer - Task Planning and Orchestration, Embodied Agents (human)",Riederich,Neura Robotics,AI,https://jobs.neura-robotics.com/offer-redirect/?offerApiId=YWM1Yzk4NGItZWI0Yy00NTYyLTg4MzQtZjgzZWJiZDhiMDA3&showApplicationForm=false,2026-09-04_14-46-58
AI Engineer – Human-to-Robot Learning (human),Riederich,Neura Robotics,AI,https://jobs.neura-robotics.com/offer-redirect/?offerApiId=YjUzN2E4YmUtM2M3OS00NjM1LTk3YzMtMjM2NjU5ZDM5ZDEz&showApplicationForm=false,2026-09-04_14-46-58
AI Engineering Intern (human),Riederich,Neura Robotics,AI,https://jobs.neura-robotics.com/offer-redirect/?offerApiId=NTcwYTQ1ZDgtZWY5Ni00NzI4LWE5NWUtNTkwOTQ3MmRhNTVl&showApplicationForm=false,2026-09-04_14-46-58
"AI, PLA & NeuraGym Demo Coordinator (human)",Riederich,Neura Robotics,AI,https://jobs.neura-robotics.com/offer-redirect/?offerApiId=YTUxYzNhMGMtOWY0My00ZDU5LWE4Y2UtZThhNzMxMWQ1MWZk&showApplicationForm=false,2026-09-04_14-46-58
"AI, PLA & NeuraGym Strategist (human)",Riederich,Neura Robotics,AI,https://jobs.neura-robotics.com/offer-redirect/?offerApiId=ODEwNTIxNzAtZTViNy00OGZiLThlZDQtYThlZTAzN2RmODQ1&showApplicationForm=false,2026-09-04_14-46-58
Agentic AI Engineer (human),Riederich,Neura Robotics,AI,https://jobs.neura-robotics.com/offer-redirect/?offerApiId=NzE2OWNhZDItNTY4Yi00MmE2LTk2NGYtZDU2NGU5NmUzMDI4&showApplicationForm=false,2026-09-04_14-46-58
Audio AI Engineer (human),Riederich,Neura Robotics,AI,https://jobs.neura-robotics.com/offer-redirect/?offerApiId=ZmM5Y2YwN2MtYmU0NS00OGMzLWI3NmMtMmU3YzY2MjZkNmY3&showApplicationForm=false,2026-09-04_14-46-58
Group Lead AI Engineering (human),Riederich,Neura Robotics,AI,https://jobs.neura-robotics.com/offer-redirect/?offerApiId=MGRiYTBiNTgtOGQ1OS00MTBhLTliNWEtODMzNzc5NmZmN2Rk&showApplicationForm=false,2026-09-04_14-46-58
Head of Robotic AI Applications – NEURA Automation (human),Riederich,Neura Robotics,AI,https://jobs.neura-robotics.com/offer-redirect/?offerApiId=Y2Q4YWJhMjgtYTIyOS00OWVlLWJjMjktOTI0OTUyNDIzOGYx&showApplicationForm=false,2026-09-04_14-46-58
Robot Operator (human),Riederich,Neura Robotics,AI,https://jobs.neura-robotics.com/offer-redirect/?offerApiId=Y2EyZDI0ODEtNTY4ZC00NDQzLWI1M2ItZWU5ZTc4MTFmMzZk&showApplicationForm=false,2026-09-04_14-46-58
Robot Perception Expert (human),Riederich,Neura Robotics,AI,https://jobs.neura-robotics.com/offer-redirect/?offerApiId=ZTlmZWY4MjItNjNmMi00ZjI3LWFiMTQtYTE2OTAzNDJiZjIx&showApplicationForm=false,2026-09-04_14-46-58
Robotic AI Application Engineer – NEURA Automation (human),Riederich,Neura Robotics,AI,https://jobs.neura-robotics.com/offer-redirect/?offerApiId=N2Q4ZWE1YmUtMzRlMi00MjkxLTgwOGYtY2UyNWIzZDZkM2E0&showApplicationForm=false,2026-09-04_14-46-58
Robotic Foundation Model Engineer Intern (Human),Riederich,Neura Robotics,AI,https://jobs.neura-robotics.com/offer-redirect/?offerApiId=YWE5YTA4OTUtZjY2Yi00YTVmLWI5MzMtY2VjYTcwNmQwZTVj&showApplicationForm=false,2026-09-04_14-46-58
Robotics Integration Engineer – Sensor Networks (human),Riederich,Neura Robotics,AI,https://jobs.neura-robotics.com/offer-redirect/?offerApiId=MDQwYjQyZjQtMWFjNS00YTNkLWFhZjYtMTA1YTY0OGRiNDJl&showApplicationForm=false,2026-09-04_14-46-58
Robotics Simulation Expert (human),Riederich,Neura Robotics,AI,https://jobs.neura-robotics.com/offer-redirect/?offerApiId=OTdmZmQzMDYtMmIwZS00MDkxLTlmMTYtYzg5YTdjZjIzMzk5&showApplicationForm=false,2026-09-04_14-46-58
Senior Navigation and Localization Engineer for Mobile Robotics (human),Riederich,Neura Robotics,AI,https://jobs.neura-robotics.com/offer-redirect/?offerApiId=ZWY4MzRlYzQtZTMxOS00ZTE5LTkyMWQtNGVhMDdkOGIwMjEz&showApplicationForm=false,2026-09-04_14-46-58
Senior Robotic Foundation Model Engineer (human),Riederich,Neura Robotics,AI,https://jobs.neura-robotics.com/offer-redirect/?offerApiId=YWNlYWY1NGQtMWFmNi00NGFmLTlkODYtYmQyZDBhYWIyYWE3&showApplicationForm=false,2026-09-04_14-46-58
Reinforcement Learning Expert - Humanoid (human),Zurich,Neura Robotics,AI,https://jobs.neura-robotics.com/offer-redirect/?offerApiId=M2JiMTI3NzQtMWEyYy00YmRkLTlmZDctMWUwYmUwYTU1ZGIz&showApplicationForm=false,2026-09-04_14-46-58
Robotics Perception & State Estimation Engineer - Humanoid (human),Zurich,Neura Robotics,AI,https://jobs.neura-robotics.com/offer-redirect/?offerApiId=MDc2OTczNDAtOTFjOC00NmE0LWEzODUtMDI0ZTg3N2ZiYTll&showApplicationForm=false,2026-09-04_14-46-58
Facility Support & Logistic - RoboGym (human),Aachen,Neura Robotics,Corporate,https://jobs.neura-robotics.com/offer-redirect/?offerApiId=NzVkNmRkMWUtOTQ3MS00YzdjLWFhY2UtNWYxMTk3NWIxMTYw&showApplicationForm=false,2026-09-04_14-46-58
NEURAGym Manager - NEURAGym (human),Aachen,Neura Robotics,Corporate,https://jobs.neura-robotics.com/offer-redirect/?offerApiId=OGRkZWZhMDItMGJjOC00YzdiLTg4MWEtZTE4NWFkNjU5NGZi&showApplicationForm=false,2026-09-04_14-46-58
Finance Manager (human),Detroit,Neura Robotics,Corporate,https://jobs.neura-robotics.com/offer-redirect/?offerApiId=NWY4Yjg5ZGQtY2MxNi00ODc4LWE0YjYtZjVkOTE5ZTA3Njgw&showApplicationForm=false,2026-09-04_14-46-58
Facility Support & Logistic - RoboGym (human),Munich,Neura Robotics,Corporate,https://jobs.neura-robotics.com/offer-redirect/?offerApiId=MDdlZDdhNmUtYzM2MC00ZTAzLWI1M2QtMDRmODM3NDVmNjNm&showApplicationForm=false,2026-09-04_14-46-58
Linux Infrastructure Engineer - RoboGym (human),Munich,Neura Robotics,Corporate,https://jobs.neura-robotics.com/offer-redirect/?offerApiId=YWY4YzYwYjEtZGQwMy00ZjY4LWJhZWQtNTZiNTg5YzM0MDE2&showApplicationForm=false,2026-09-04_14-46-58
AI Business Integrator (human),Riederich,Neura Robotics,Corporate,https://jobs.neura-robotics.com/offer-redirect/?offerApiId=MDdiYTA0OTUtYjcwNy00OWVkLWJkZTMtNDVmOTM3N2YyOGI0&showApplicationForm=false,2026-09-04_14-46-58
Business Partner People & Culture (human),Riederich,Neura Robotics,Corporate,https://jobs.neura-robotics.com/offer-redirect/?offerApiId=ZjQ1OTA4ODktMzRjZS00YzYxLWI0OWUtZTU4YWVlYWFiMmM0&showApplicationForm=false,2026-09-04_14-46-58
CAD / PLM System Administrator (human),Riederich,Neura Robotics,Corporate,https://jobs.neura-robotics.com/offer-redirect/?offerApiId=NjE1ZWU1MTQtNDU1Ni00OTMzLWIwMTctMWM0MDA1MjEzOGJm&showApplicationForm=false,2026-09-04_14-46-58
CEO Office Intern (human),Riederich,Neura Robotics,Corporate,https://jobs.neura-robotics.com/offer-redirect/?offerApiId=MTRiY2Y5YzQtMjE3NC00NzYxLTg5MDEtOTFjODZiNjFlY2Y3&showApplicationForm=false,2026-09-04_14-46-58
ERP & Business Applications Intern (human),Riederich,Neura Robotics,Corporate,https://jobs.neura-robotics.com/offer-redirect/?offerApiId=MDVlN2JiNWUtMjE4NC00NDQ3LTkzOGMtOTk0MTc2ODhkMTJi&showApplicationForm=false,2026-09-04_14-46-58
Facility Manager (human),Riederich,Neura Robotics,Corporate,https://jobs.neura-robotics.com/offer-redirect/?offerApiId=MjRhNjhhOGYtMDI5NC00MjQwLTgwYjktODdkYTY1ZWM0MTEy&showApplicationForm=false,2026-09-04_14-46-58
IT Project Manager (human),Riederich,Neura Robotics,Corporate,https://jobs.neura-robotics.com/offer-redirect/?offerApiId=YWVkN2FiYTEtMmY2ZS00MGYxLTg3ZTYtNjJhZjM4ZWU4ODNh&showApplicationForm=false,2026-09-04_14-46-58
Jurist (human),Riederich,Neura Robotics,Corporate,https://jobs.neura-robotics.com/offer-redirect/?offerApiId=ZWU3OWM1MGItOWUxYi00ZWVmLTk5ZWUtM2NiMDdlMDA0OTQ5&showApplicationForm=false,2026-09-04_14-46-58
Legal Intern (human),Riederich,Neura Robotics,Corporate,https://jobs.neura-robotics.com/offer-redirect/?offerApiId=Yzk3ZThjMWItMGY0ZS00ZjEzLWE0ZDgtZjAxMjhlNGIyZDI1&showApplicationForm=false,2026-09-04_14-46-58
Linux Infrastructure Engineer (human),Riederich,Neura Robotics,Corporate,https://jobs.neura-robotics.com/offer-redirect/?offerApiId=Nzc3OGM1NWQtZDc0MC00OTI0LTliZDYtNGQ5ZjVhMTBjZjk3&showApplicationForm=false,2026-09-04_14-46-58
Manager Business Artificial Intelligence (Human),Riederich,Neura Robotics,Corporate,https://jobs.neura-robotics.com/offer-redirect/?offerApiId=MDE5YTkwMmItMThkZC00ZmU1LTg0OWEtYzBkZmIxMjk1NTRm&showApplicationForm=false,2026-09-04_14-46-58
Modern Workplace Administrator (human),Riederich,Neura Robotics,Corporate,https://jobs.neura-robotics.com/offer-redirect/?offerApiId=MjFiNDc1YzYtYThiNS00YzgzLTk3MDctOWRjNGZkMmZmOTBm&showApplicationForm=false,2026-09-04_14-46-58
Office Manager (human),Riederich,Neura Robotics,Corporate,https://jobs.neura-robotics.com/offer-redirect/?offerApiId=ODdhOTBlMjMtOThkMi00N2JjLTk5ZDAtZGI3YjgxOTYwMmY2&showApplicationForm=false,2026-09-04_14-46-58
Patent Attorney / Patent Engineer (human),Riederich,Neura Robotics,Corporate,https://jobs.neura-robotics.com/offer-redirect/?offerApiId=NGRiM2MxNWUtMGUxYy00MTU2LWJmZWYtMDlhMzY1MjA0NDZl&showApplicationForm=false,2026-09-04_14-46-58
People & Culture Operations Expert (human),Riederich,Neura Robotics,Corporate,https://jobs.neura-robotics.com/offer-redirect/?offerApiId=NGY2MDMxZjgtMGRiNS00ZDA4LWE5NDMtOTMxNTI4NDVlYzZj&showApplicationForm=false,2026-09-04_14-46-58
People Development & Culture Manager (human),Riederich,Neura Robotics,Corporate,https://jobs.neura-robotics.com/offer-redirect/?offerApiId=YTNiMjM0NDctMTg4Ny00YzJjLTg5Y2QtNzRhMGI3Y2VmZWFk&showApplicationForm=false,2026-09-04_14-46-58
Recruiter (human),Riederich,Neura Robotics,Corporate,https://jobs.neura-robotics.com/offer-redirect/?offerApiId=ZTgxZjcwOTAtMmE3NS00Y2JjLTkxNmUtYmQwZjQ1ZDVmMDVk&showApplicationForm=false,2026-09-04_14-46-58
Senior Business Central Consultant (human),Riederich,Neura Robotics,Corporate,https://jobs.neura-robotics.com/offer-redirect/?offerApiId=ZWFlYjkzYmEtODFmMS00ZjU0LWI1MmMtNmQ0Mjk5MTUzMDgx&showApplicationForm=false,2026-09-04_14-46-58
Senior Consultant Business Central – Finance & Controlling (human),Riederich,Neura Robotics,Corporate,https://jobs.neura-robotics.com/offer-redirect/?offerApiId=NjI4NDk4YzktMjZmYi00NWFlLThhYTYtY2RiNTc5MzA2NjUw&showApplicationForm=false,2026-09-04_14-46-58
Senior Security Architect (Human),Riederich,Neura Robotics,Corporate,https://jobs.neura-robotics.com/offer-redirect/?offerApiId=ZDdiMmIwYTYtNDRhMS00MzRmLThmN2QtY2IyY2NjNzJlYjVj&showApplicationForm=false,2026-09-04_14-46-58
Strategic Inteligence Analyst (human),Riederich,Neura Robotics,Corporate,https://jobs.neura-robotics.com/offer-redirect/?offerApiId=ODQzMTIyY2MtNTJjNS00NTE4LWI4NjMtMGI4Zjg4NjIwOTRj&showApplicationForm=false,2026-09-04_14-46-58
Tax Manager (human),Riederich,Neura Robotics,Corporate,https://jobs.neura-robotics.com/offer-redirect/?offerApiId=Njc3ODY1Y2QtMWU4Yy00MjI4LTlkODQtMDk1MGQwZGViNTVl&showApplicationForm=false,2026-09-04_14-46-58
IT Support & Operations Engineer (human),Zurich,Neura Robotics,Corporate,https://jobs.neura-robotics.com/offer-redirect/?offerApiId=NDJmZGQ0MWUtYzZkMC00OTM4LWExZTktZTBmYTljNWJiNDBm&showApplicationForm=false,2026-09-04_14-46-58
(Senior) Account Executive - (human),Munich,Neura Robotics,Growth,https://jobs.neura-robotics.com/offer-redirect/?offerApiId=NGE2YTk3ZDctZWRmOS00NDcxLTliODMtMmMwZDRmNzNlYjZi&showApplicationForm=false,2026-09-04_14-46-58
(Senior) Concept Engineer - (human),Munich,Neura Robotics,Growth,https://jobs.neura-robotics.com/offer-redirect/?offerApiId=Nzc5MmNmM2EtNGZhMS00NWVkLWEwZmUtMjNhYmE0Y2VkMDBi&showApplicationForm=false,2026-09-04_14-46-58
Account Executive (human) - remote,Munich,Neura Robotics,Growth,https://jobs.neura-robotics.com/offer-redirect/?offerApiId=NTliN2QwNTEtZmE2Ni00MDM5LTkyNWEtNGM0MjQ0ZjQ4Mzk4&showApplicationForm=false,2026-09-04_14-46-58
Concept Engineer (human),Munich,Neura Robotics,Growth,https://jobs.neura-robotics.com/offer-redirect/?offerApiId=NGVlYWQ4ZDQtZDk0Yi00NjkwLTgwM2ItYjE5NGIyZjlmOTZl&showApplicationForm=false,2026-09-04_14-46-58
Growth Strategy Intern (human),Munich,Neura Robotics,Growth,https://jobs.neura-robotics.com/offer-redirect/?offerApiId=KnhjYmghdyRlWFQ6ITgxKUlQVSovblYlZ09LI0FWVDBrTCsubG5uSw==&showApplicationForm=false,2026-09-04_14-46-58
Key Account Manager (human),Munich,Neura Robotics,Growth,https://jobs.neura-robotics.com/offer-redirect/?offerApiId=MjIwY2Y5NjctODNiZi00YWYzLTk4YWYtNzU5NzkwOTY3OGYw&showApplicationForm=false,2026-09-04_14-46-58
SDR (Sales Development Representative) - (human),Munich,Neura Robotics,Growth,https://jobs.neura-robotics.com/offer-redirect/?offerApiId=MzI5YmZjYzMtZjczYi00MzdlLTg2MmYtYzM3NzllNDBmYWVj&showApplicationForm=false,2026-09-04_14-46-58
Senior GTM Commercial Manager (human),Munich,Neura Robotics,Growth,https://jobs.neura-robotics.com/offer-redirect/?offerApiId=YTg1OWYzODMtYzNmNS00NGJhLTgyY2MtNTk1MDMyZGY2YTNh&showApplicationForm=false,2026-09-04_14-46-58
Senior Key Account Manager (human),Munich,Neura Robotics,Growth,https://jobs.neura-robotics.com/offer-redirect/?offerApiId=Zjg1Y2MxODYtYzBmYi00NjY1LTg2MzgtYjVlOTIxMDFlYjU0&showApplicationForm=false,2026-09-04_14-46-58
Senior Product GTM Manager (human),Munich,Neura Robotics,Growth,https://jobs.neura-robotics.com/offer-redirect/?offerApiId=YzVhZDE3NTUtYTE5MC00YzVjLTljZWYtYzljY2JkNDcyMDIw&showApplicationForm=false,2026-09-04_14-46-58
(Senior) Account Executive - (human),Riederich,Neura Robotics,Growth,https://jobs.neura-robotics.com/offer-redirect/?offerApiId=blslWkEpRmZkX04kQW0zcEpMX3FLU3dXLD1LQCgzWmQ1JVkpUjRbSQ==&showApplicationForm=false,2026-09-04_14-46-58
(Senior) Concept Engineer - (human),Riederich,Neura Robotics,Growth,https://jobs.neura-robotics.com/offer-redirect/?offerApiId=Q0FRb2twT3lrQVAtY2dwUSV2cntLU3dXLD1LQCgzWmQ1JVkpUjRbSQ==&showApplicationForm=false,2026-09-04_14-46-58
Concept Engineer (human),Riederich,Neura Robotics,Growth,https://jobs.neura-robotics.com/offer-redirect/?offerApiId=cHV7R1kvP2ohQEZpZzMyVklCcmxLU3dXLD1LQCgzWmQ1JVkpUjRbSQ==&showApplicationForm=false,2026-09-04_14-46-58
Growth Strategy Intern (human),Riederich,Neura Robotics,Growth,https://jobs.neura-robotics.com/offer-redirect/?offerApiId=ZGIwMmRiNTctZDRjOC00ODAwLWFkN2YtYmYxNGVlMTk2Nzgx&showApplicationForm=false,2026-09-04_14-46-58
Inside Sales Manager (human),Riederich,Neura Robotics,Growth,https://jobs.neura-robotics.com/offer-redirect/?offerApiId=YzhkNDM1ZmItZTgxYi00MDRhLWIwZWUtMjgwMzhjNWNjYzIw&showApplicationForm=false,2026-09-04_14-46-58
Key Account Manager (human),Riederich,Neura Robotics,Growth,https://jobs.neura-robotics.com/offer-redirect/?offerApiId=YX1qb1dHdGc0SU42Z1UwS0QkZFhLU3dXLD1LQCgzWmQ1JVkpUjRbSQ==&showApplicationForm=false,2026-09-04_14-46-58
Pre Sales / Solution Manager (human),Riederich,Neura Robotics,Growth,https://jobs.neura-robotics.com/offer-redirect/?offerApiId=ZWE1YmY5NmMtMTVjYS00OTY4LTlkMWItNTk3YmNjNjdlOTcz&showApplicationForm=false,2026-09-04_14-46-58
SDR (Sales Development Representative) - (human),Riederich,Neura Robotics,Growth,https://jobs.neura-robotics.com/offer-redirect/?offerApiId=Z21PaVZ7RDctO0hhKkMqTyxyZXNLU3dXLD1LQCgzWmQ1JVkpUjRbSQ==&showApplicationForm=false,2026-09-04_14-46-58
Senior GTM Commercial Manager (human),Riederich,Neura Robotics,Growth,https://jobs.neura-robotics.com/offer-redirect/?offerApiId=UzllLkEuJHVCZUczbXZdZ3Q9P2NLU3dXLD1LQCgzWmQ1JVkpUjRbSQ==&showApplicationForm=false,2026-09-04_14-46-58
Senior Key Account Manager (human),Riederich,Neura Robotics,Growth,https://jobs.neura-robotics.com/offer-redirect/?offerApiId=ey8kVF8uMjNQakhiPVE5YVBaW2RLU3dXLD1LQCgzWmQ1JVkpUjRbSQ==&showApplicationForm=false,2026-09-04_14-46-58
Senior Product GTM Manager (human),Riederich,Neura Robotics,Growth,https://jobs.neura-robotics.com/offer-redirect/?offerApiId=LUpvfVJQXS5ATU9Cc096WSosZy9LU3dXLD1LQCgzWmQ1JVkpUjRbSQ==&showApplicationForm=false,2026-09-04_14-46-58
"Advanced Materials Engineer, Humanoid Systems (human)",Munich,Neura Robotics,Hardware,https://jobs.neura-robotics.com/offer-redirect/?offerApiId=TzFxMkRfLmgpeldyLmxAWnlGRncvblYlZ09LI0FWVDBrTCsubG5uSw==&showApplicationForm=false,2026-09-04_14-46-58
"Advanced Materials Engineer, Humanoid Systems (human)",Riederich,Neura Robotics,Hardware,https://jobs.neura-robotics.com/offer-redirect/?offerApiId=OWI5ZTI4MWEtZTI0Yy00ODU2LWI1NzktZjAzMWJmMGVjYzg1&showApplicationForm=false,2026-09-04_14-46-58
Electrician for Prototyping (human),Riederich,Neura Robotics,Hardware,https://jobs.neura-robotics.com/offer-redirect/?offerApiId=OTZhYzdhYjMtNTk0ZS00YjVmLTg3YjYtODU0OWIwMTUyMDM4&showApplicationForm=false,2026-09-04_14-46-58
Embedded & Firmware Engineer (human),Riederich,Neura Robotics,Hardware,https://jobs.neura-robotics.com/offer-redirect/?offerApiId=ODBhYjBlNzEtMGY3NS00ZmQ5LTlhNjEtYTAzMDQ5N2I1ZTZj&showApplicationForm=false,2026-09-04_14-46-58
Engineering Data & Change Management Specialist (human),Riederich,Neura Robotics,Hardware,https://jobs.neura-robotics.com/offer-redirect/?offerApiId=OTc5YzAxMTItODM1MC00YzViLWJlYjgtZWVhMWFmMGI1ZTgx&showApplicationForm=false,2026-09-04_14-46-58
Hardware Architect - Cognitive Robotics (human),Riederich,Neura Robotics,Hardware,https://jobs.neura-robotics.com/offer-redirect/?offerApiId=ZWVjMTA3Y2QtNWNlMS00ODUxLWEwNWQtN2NhMjlkN2VmZDdl&showApplicationForm=false,2026-09-04_14-46-58
Lead Design Engineer (Human),Riederich,Neura Robotics,Hardware,https://jobs.neura-robotics.com/offer-redirect/?offerApiId=N2M5MzYzZGEtYzA1ZC00YmNhLWI4MjQtZjJhZDRlNzJiOWYy&showApplicationForm=false,2026-09-04_14-46-58
Mechanical Architect (Human),Riederich,Neura Robotics,Hardware,https://jobs.neura-robotics.com/offer-redirect/?offerApiId=NzBjOGZhYzItYTU5Mi00MTYxLTljYzItOWQyYzg0NjczOGZm&showApplicationForm=false,2026-09-04_14-46-58
Operations Support (human),Riederich,Neura Robotics,Hardware,https://jobs.neura-robotics.com/offer-redirect/?offerApiId=MDU1ZjQ3MDUtMGYxZC00YWYwLWJhNGYtYzE0ZGIxN2QwM2Nh&showApplicationForm=false,2026-09-04_14-46-58
PCB Design & Electrical Engineer (human),Riederich,Neura Robotics,Hardware,https://jobs.neura-robotics.com/offer-redirect/?offerApiId=YjI3OWUyNTAtYzM5My00NGFlLTg3OTItNmM3YjNhYTQ4NDgy&showApplicationForm=false,2026-09-04_14-46-58
Prototype & Cabling Engineer (human),Riederich,Neura Robotics,Hardware,https://jobs.neura-robotics.com/offer-redirect/?offerApiId=M2Q4NDIzMDgtOGMwNi00ODNkLTk2NWQtZTVlYzM4MzNkMTRl&showApplicationForm=false,2026-09-04_14-46-58
Senior Design Engineer – MiPA (human),Riederich,Neura Robotics,Hardware,https://jobs.neura-robotics.com/offer-redirect/?offerApiId=MzczYWU5MDYtOWI4My00NmFiLTgyYmYtOWRhMDg5NGM3NmEz&showApplicationForm=false,2026-09-04_14-46-58
Senior Mechanical Engineer – MiPA (human),Riederich,Neura Robotics,Hardware,https://jobs.neura-robotics.com/offer-redirect/?offerApiId=NzZiNmFkNDItNWRiOS00YWMwLWJmOTMtZTMwOTczMjBjNDZk&showApplicationForm=false,2026-09-04_14-46-58
Simulation Engineer - Electromagnetics (human),Riederich,Neura Robotics,Hardware,https://jobs.neura-robotics.com/offer-redirect/?offerApiId=NTU1Nzk5MGMtYjYzMC00ZTlhLWFkMjctMjRhOGQ4MGRhYTIy&showApplicationForm=false,2026-09-04_14-46-58
System Engineering (human),Riederich,Neura Robotics,Hardware,https://jobs.neura-robotics.com/offer-redirect/?offerApiId=ODBkOTBlZDgtYjdjMi00NTA5LWE5Y2EtZDQ3OGZiZmNkM2Rh&showApplicationForm=false,2026-09-04_14-46-58
Robotics Exterior Technical Designer - Humanoid (human),Zurich,Neura Robotics,Hardware,https://jobs.neura-robotics.com/offer-redirect/?offerApiId=ZGQxOWZmNDktZDRiOC00Zjg4LTk4MmMtZjkzNGI4YTk5ODdh&showApplicationForm=false,2026-09-04_14-46-58
Senior Mechanical Engineer - Humanoid (human),Zurich,Neura Robotics,Hardware,https://jobs.neura-robotics.com/offer-redirect/?offerApiId=YTJmZDg2N2YtNjdlNi00MWQ4LTk2NzItZjczOWE1NWJhYzMy&showApplicationForm=false,2026-09-04_14-46-58
(Senior) Marketing Manager Partners & Ecosystem (human),Riederich,Neura Robotics,Marketing,https://jobs.neura-robotics.com/offer-redirect/?offerApiId=ZjNkYmMzZDMtNTgxZS00M2JlLTlhNjAtZTdiYWE2OGFhNWFj&showApplicationForm=false,2026-09-04_14-46-58
Communication Designer for Brand Identity & Creative Production (human),Riederich,Neura Robotics,Marketing,https://jobs.neura-robotics.com/offer-redirect/?offerApiId=MThiYzJkNDAtNGUyMS00ZmUyLTk0OTUtOGNiYjc4ODM1YjZl&showApplicationForm=false,2026-09-04_14-46-58
Event Manager (human),Riederich,Neura Robotics,Marketing,https://jobs.neura-robotics.com/offer-redirect/?offerApiId=OWM5MzU3NTEtMmFmNS00MDJmLWIyNzQtZWVjOTkyNjhhYWI2&showApplicationForm=false,2026-09-04_14-46-58
Event Marketing Internship (human),Riederich,Neura Robotics,Marketing,https://jobs.neura-robotics.com/offer-redirect/?offerApiId=YjRhMmZiN2YtZmEwMC00MzVmLWE3ZGItZTlmZDNjZTkwMTE1&showApplicationForm=false,2026-09-04_14-46-58
Product Marketing Manager (human),Riederich,Neura Robotics,Marketing,https://jobs.neura-robotics.com/offer-redirect/?offerApiId=OWRkOTQzZGMtMDU5Zi00Mzg4LWI2MmMtZjc1MTI1Yzc2OTQy&showApplicationForm=false,2026-09-04_14-46-58
Social Media Manager (human),Riederich,Neura Robotics,Marketing,https://jobs.neura-robotics.com/offer-redirect/?offerApiId=Y2E3M2YxMGQtNmQ5OC00Zjk1LWJiZTYtZGU4YWVjOTQwOGFi&showApplicationForm=false,2026-09-04_14-46-58
Robotics Operations Manager (human),Detroit,Neura Robotics,Product,https://jobs.neura-robotics.com/offer-redirect/?offerApiId=YzdlYWYzOTQtZGU2Yy00MmVlLWJhZTUtZDExNGZmZjI5MTBm&showApplicationForm=false,2026-09-04_14-46-58
(Senior) Technical Demo & Event Manager – Robotics (human),Riederich,Neura Robotics,Product,https://jobs.neura-robotics.com/offer-redirect/?offerApiId=ZmU0MTI1MDYtYTFjZS00YjRiLTlhYjYtZTYwYTJlYWU2NWQw&showApplicationForm=false,2026-09-04_14-46-58
"Architect, Civil Engineer as Project Manager – NeuraGym Global Rollout (Human)",Riederich,Neura Robotics,Product,https://jobs.neura-robotics.com/offer-redirect/?offerApiId=MjUwODEzODYtMjhhMy00NGIwLWJmYTQtZjg4MjNkZDkxZDQ4&showApplicationForm=false,2026-09-04_14-46-58
Business Unit Head - Sensors (human),Riederich,Neura Robotics,Product,https://jobs.neura-robotics.com/offer-redirect/?offerApiId=NjhkZDBhNGItOTRmZC00NTU3LWIyNWMtMWI3ZmQ2ZjE1ZWJi&showApplicationForm=false,2026-09-04_14-46-58
Content Platform & Toolchain Engineer (human),Riederich,Neura Robotics,Product,https://jobs.neura-robotics.com/offer-redirect/?offerApiId=OTMxOWZjM2EtMjU0Ny00MTBkLWEzMTQtZWRlZDJiNzNkZjI3&showApplicationForm=false,2026-09-04_14-46-58
Content Platform & Toolchain Engineer(human),Riederich,Neura Robotics,Product,https://jobs.neura-robotics.com/offer-redirect/?offerApiId=NWM5Yjk4ZmMtMWRjMy00NGVhLWIwMzQtNTRiZmM5ZGI1ZDJi&showApplicationForm=false,2026-09-04_14-46-58
Plant Project Manager (Human),Riederich,Neura Robotics,Product,https://jobs.neura-robotics.com/offer-redirect/?offerApiId=YWZkMTkwMWEtMDhiZS00YmM5LWI4NzItZTY1NGIyYjI1MzYz&showApplicationForm=false,2026-09-04_14-46-58
Plant Project Manager (Human),Riederich,Neura Robotics,Product,https://jobs.neura-robotics.com/offer-redirect/?offerApiId=NjJiYWNiMzgtNDk5Zi00ODZiLTk1NjQtZTQ4NGQ3ZjVhODI4&showApplicationForm=false,2026-09-04_14-46-58
Project-/Product-Management Intern (human),Riederich,Neura Robotics,Product,https://jobs.neura-robotics.com/offer-redirect/?offerApiId=N2Y4NmIxNzgtYTFiZS00MWMxLWI1NzYtMTdiNWIwM2ZlNTU3&showApplicationForm=false,2026-09-04_14-46-58
Proof of Concept (PoC) Engineer (human) - Mobile Robots & Mobile Manipulation,Riederich,Neura Robotics,Product,https://jobs.neura-robotics.com/offer-redirect/?offerApiId=ZTk1NzZhNjMtODUwMy00ZDc0LWI5MjQtYzYyZjM5YzBiYzM3&showApplicationForm=false,2026-09-04_14-46-58
Proof of Concept (PoC) Engineer (human) - Robot Arm,Riederich,Neura Robotics,Product,https://jobs.neura-robotics.com/offer-redirect/?offerApiId=YzA3YTRjZTQtZmExOC00NjA4LTllZjgtMDJlMDQ4ZTY2ZGVk&showApplicationForm=false,2026-09-04_14-46-58
Robotics Product Manager (human),Riederich,Neura Robotics,Product,https://jobs.neura-robotics.com/offer-redirect/?offerApiId=MzViZDFmNmUtNTk4Mi00NjY4LTg0ZjEtMjM2YjJjNzQ1N2Mw&showApplicationForm=false,2026-09-04_14-46-58
Senior Customer Project Manager (human),Riederich,Neura Robotics,Product,https://jobs.neura-robotics.com/offer-redirect/?offerApiId=OWU2YmFkYzYtYTUxNS00ZjBjLTlmYzYtN2RiODMzOTYxYTY4&showApplicationForm=false,2026-09-04_14-46-58
Senior Project Manager (human),Riederich,Neura Robotics,Product,https://jobs.neura-robotics.com/offer-redirect/?offerApiId=ZGY4ZjUwYzUtMDhiNi00NGIxLWE1ZjYtNzNiZTNlNDZhZmVl&showApplicationForm=false,2026-09-04_14-46-58
Senior Technical Project Manager - AI & Robotics Foundation Models (human),Riederich,Neura Robotics,Product,https://jobs.neura-robotics.com/offer-redirect/?offerApiId=OWM0ZTI2M2MtODExOS00Y2E3LWExYmUtMGYzYjYxNzFjMmE2&showApplicationForm=false,2026-09-04_14-46-58
Commissioning Technician (human),Riederich,Neura Robotics,Production,https://jobs.neura-robotics.com/offer-redirect/?offerApiId=YzRhNzdkZmEtODIyYS00Y2Y4LWJiOTEtNzQzNTZhZTExNDVj&showApplicationForm=false,2026-09-04_14-46-58
Electrical Engineer in Robotics Manufacturing (human),Riederich,Neura Robotics,Production,https://jobs.neura-robotics.com/offer-redirect/?offerApiId=Mzk3Y2Y4NTQtYTI0ZC00ZDBiLTg4MGYtZjI0MTdjNzQ3OWZj&showApplicationForm=false,2026-09-04_14-46-58
Industrial Engineer / Value Stream Planner (human),Riederich,Neura Robotics,Production,https://jobs.neura-robotics.com/offer-redirect/?offerApiId=YjI4NTYwNTMtY2FmMy00MTRhLTk0MzAtOGFlYzlhODM1NTM1&showApplicationForm=false,2026-09-04_14-46-58
Intern Logistics (Human),Riederich,Neura Robotics,Production,https://jobs.neura-robotics.com/offer-redirect/?offerApiId=OTQ5MzZkMTYtODM4NC00NjUxLTgzYzEtYWI3YWY4NTA4NGRk&showApplicationForm=false,2026-09-04_14-46-58
Montagefacharbeiter (Human),Riederich,Neura Robotics,Production,https://jobs.neura-robotics.com/offer-redirect/?offerApiId=NTgwZWEyMTUtOTE3OS00ZjgzLTg5NzUtMzA4MzQ2Y2M5NDA5&showApplicationForm=false,2026-09-04_14-46-58
Process Engineer (Human),Riederich,Neura Robotics,Production,https://jobs.neura-robotics.com/offer-redirect/?offerApiId=ZWFiZjhmOWItOGI4ZC00MTgxLTkwZTUtMWI3ZDEwYjY1Zjkw&showApplicationForm=false,2026-09-04_14-46-58
Production Engineer for Robotic Systems (human),Riederich,Neura Robotics,Production,https://jobs.neura-robotics.com/offer-redirect/?offerApiId=NWQ4NTMyYmEtMDg5My00NmQxLTk3NjUtYzZmM2U4ZTg5MzZj&showApplicationForm=false,2026-09-04_14-46-58
Production Planner (human),Riederich,Neura Robotics,Production,https://jobs.neura-robotics.com/offer-redirect/?offerApiId=MmYxOTdmODctY2RiNy00M2NhLWExY2EtOTc1MjdkOTJkNjBl&showApplicationForm=false,2026-09-04_14-46-58
Production Team Lead – Commissioning of Humanoid Robots (human),Riederich,Neura Robotics,Production,https://jobs.neura-robotics.com/offer-redirect/?offerApiId=YTY5ZTkzZGQtYmExNy00MmUwLWI2ZTAtNjY2OGMyYWU5Mzgw&showApplicationForm=false,2026-09-04_14-46-58
Produktionsmitarbeiter (human),Riederich,Neura Robotics,Production,https://jobs.neura-robotics.com/offer-redirect/?offerApiId=YmM1MWZhOTYtODg1Yi00MmU1LWFmMDQtYjI1ZTg1NjUxYTk3&showApplicationForm=false,2026-09-04_14-46-58
Project Manager Industrialization (Human),Riederich,Neura Robotics,Production,https://jobs.neura-robotics.com/offer-redirect/?offerApiId=MTBlODUyNmQtNjA0NC00OGFmLTk2ZDItNTQxNTEyZmY0ZGZi&showApplicationForm=false,2026-09-04_14-46-58
Smart Factory Expert (Human),Riederich,Neura Robotics,Production,https://jobs.neura-robotics.com/offer-redirect/?offerApiId=N2E3ZGE2ZjQtZGYxZC00NjY3LTljMWItZDE1MGI1YzllMWNi&showApplicationForm=false,2026-09-04_14-46-58
Supply Chain Operations Intern (human),Riederich,Neura Robotics,Production,https://jobs.neura-robotics.com/offer-redirect/?offerApiId=NzhjNzY4NWMtNjAwNi00NGQ5LThkYWQtNzg3Mzk2MmRkYTU2&showApplicationForm=false,2026-09-04_14-46-58
Quality Engineer - LARA (Human),Bielefeld,Neura Robotics,Quality,https://jobs.neura-robotics.com/offer-redirect/?offerApiId=ODJiZWQ5Y2MtMjlmZS00NzAyLWI2MTMtN2U1NGQ2ZTRhZWE1&showApplicationForm=false,2026-09-04_14-46-58
Quality Engineer – Field Return Analysis (human),Riederich,Neura Robotics,Quality,https://jobs.neura-robotics.com/offer-redirect/?offerApiId=MzFlNjlkZTEtY2U1Ni00MTE3LWJhMTctYjAwY2VjODY2ZGNm&showApplicationForm=false,2026-09-04_14-46-58
Quality Problem Solving Expert (human),Riederich,Neura Robotics,Quality,https://jobs.neura-robotics.com/offer-redirect/?offerApiId=ZDNjY2ZhODktY2ZkMi00MWEyLTk1MWQtNGVhMmNmMWNjMDBm&showApplicationForm=false,2026-09-04_14-46-58
Senior Quality Engineer - 4NE1 Humanoid (Human),Riederich,Neura Robotics,Quality,https://jobs.neura-robotics.com/offer-redirect/?offerApiId=M2ExNzk1MmUtNmU4OC00ZTA3LTgzYjctMmY3YWVkNmZjMjUw&showApplicationForm=false,2026-09-04_14-46-58
Supplier Quality Engineer (human),Riederich,Neura Robotics,Quality,https://jobs.neura-robotics.com/offer-redirect/?offerApiId=OGY4N2JhNWEtY2IzYy00ZjE0LTlhMzYtYmJkMDlkZDkwYWE0&showApplicationForm=false,2026-09-04_14-46-58
Robotics Service/Maintenance Technician - RoboGym (human),Aachen,Neura Robotics,Service & Academy,https://jobs.neura-robotics.com/offer-redirect/?offerApiId=OTk2NWNiODUtMTAwOC00OTMwLTg4NTMtNjBmMTI4NzVhYTJj&showApplicationForm=false,2026-09-04_14-46-58
Robotics Service/Maintenance Technician - RoboGym (human),Munich,Neura Robotics,Service & Academy,https://jobs.neura-robotics.com/offer-redirect/?offerApiId=YzNjMWU3ZWMtYzE2ZC00Mjc1LWIwMGItODdjYjM2YzM1NDZh&showApplicationForm=false,2026-09-04_14-46-58
Senior Robotics Commissioning & Service Engineer (human),Munich,Neura Robotics,Service & Academy,https://jobs.neura-robotics.com/offer-redirect/?offerApiId=OTM0NmZmOWUtYTc3Yi00NmY0LWIzNjMtNTZiMDhhMjVmYTEz&showApplicationForm=false,2026-09-04_14-46-58
Advanced Training Engineer – APIs & Industrial Interfaces (human),Riederich,Neura Robotics,Service & Academy,https://jobs.neura-robotics.com/offer-redirect/?offerApiId=ZDdmZGE1ZjQtNGY2Ny00NTgxLTljYjQtMDMyN2Y4NzJlNTli&showApplicationForm=false,2026-09-04_14-46-58
Junior Training Engineer (human),Riederich,Neura Robotics,Service & Academy,https://jobs.neura-robotics.com/offer-redirect/?offerApiId=MmE1ZmFhYTctZmMyZC00ZGU1LTliNjAtMzU4YjhiOTNkYTJi&showApplicationForm=false,2026-09-04_14-46-58
Robotic Service Engineer (human),Riederich,Neura Robotics,Service & Academy,https://jobs.neura-robotics.com/offer-redirect/?offerApiId=NWY1ZDVlZTItNjliMy00NzU3LTk1OTktYzk0YjM5MmI2OTM4&showApplicationForm=false,2026-09-04_14-46-58
Service Desk / Technical Support (human),Riederich,Neura Robotics,Service & Academy,https://jobs.neura-robotics.com/offer-redirect/?offerApiId=YWUyMTY4MDAtOWI2NC00MTdjLWE5NzItZmM4YWUzMDIyMDgz&showApplicationForm=false,2026-09-04_14-46-58
Fleet Orchestration Engineer - Neuraverse (human),Bielefeld,Neura Robotics,Software,https://jobs.neura-robotics.com/offer-redirect/?offerApiId=Z1hEan16azZGfVdyeSEjal9WRUpYV059MHdvSEZhR29uZl5JW2hfMw==&showApplicationForm=false,2026-09-04_14-46-58
RT Communication Bus Engineer (human),Bielefeld,Neura Robotics,Software,https://jobs.neura-robotics.com/offer-redirect/?offerApiId=KF1bW19oY2lIWlIpQ18tRVNoajRYV059MHdvSEZhR29uZl5JW2hfMw==&showApplicationForm=false,2026-09-04_14-46-58
Robot Client SDK Engineer (human),Bielefeld,Neura Robotics,Software,https://jobs.neura-robotics.com/offer-redirect/?offerApiId=VlZARVd7MiFTeFNQO19kKnZ0ayNYV059MHdvSEZhR29uZl5JW2hfMw==&showApplicationForm=false,2026-09-04_14-46-58
Robot Platform Engineer (human),Bielefeld,Neura Robotics,Software,https://jobs.neura-robotics.com/offer-redirect/?offerApiId=VSFNbyEzdjs7M0lrYTJsez0zK3RYV059MHdvSEZhR29uZl5JW2hfMw==&showApplicationForm=false,2026-09-04_14-46-58
Robotics Middleware Engineer (human),Bielefeld,Neura Robotics,Software,https://jobs.neura-robotics.com/offer-redirect/?offerApiId=LkA2JHEqMmtnfUZfS0BJSV9IXn1YV059MHdvSEZhR29uZl5JW2hfMw==&showApplicationForm=false,2026-09-04_14-46-58
Firmware Engineer — Dexterous Hand Systems (human),Munich,Neura Robotics,Software,https://jobs.neura-robotics.com/offer-redirect/?offerApiId=MzgzN2Q4OGItY2NiYS00YjdkLTk4OTItYjgwOTljODE2MmUw&showApplicationForm=false,2026-09-04_14-46-58
IoT & Connectivity Engineer (human),Munich,Neura Robotics,Software,https://jobs.neura-robotics.com/offer-redirect/?offerApiId=R2hdRCpLMyNMe0tqWjJrXSh5ZEkvblYlZ09LI0FWVDBrTCsubG5uSw==&showApplicationForm=false,2026-09-04_14-46-58
Platform Engineer - Neuraverse (human),Munich,Neura Robotics,Software,https://jobs.neura-robotics.com/offer-redirect/?offerApiId=SHAkZkYobWJQQk1RMXstTSN6UmkvblYlZ09LI0FWVDBrTCsubG5uSw==&showApplicationForm=false,2026-09-04_14-46-58
RT & Kernel Engineer (human),Munich,Neura Robotics,Software,https://jobs.neura-robotics.com/offer-redirect/?offerApiId=ZGQ3YzkzZDMtOGQyMC00MTczLWIzMzEtOTEzMDVmNmI4NWYy&showApplicationForm=false,2026-09-04_14-46-58
Robot Platform Engineer (human),Munich,Neura Robotics,Software,https://jobs.neura-robotics.com/offer-redirect/?offerApiId=VSFNbyEzdjs7M0lrYTJsez0zK3QvblYlZ09LI0FWVDBrTCsubG5uSw==&showApplicationForm=false,2026-09-04_14-46-58
Robotics Middleware Engineer (human),Munich,Neura Robotics,Software,https://jobs.neura-robotics.com/offer-redirect/?offerApiId=LkA2JHEqMmtnfUZfS0BJSV9IXn0vblYlZ09LI0FWVDBrTCsubG5uSw==&showApplicationForm=false,2026-09-04_14-46-58
Backend Service Engineer - Neuraverse (human),Riederich,Neura Robotics,Software,https://jobs.neura-robotics.com/offer-redirect/?offerApiId=NGE5MGI2ZjgtMzQwNS00MjA0LThiMjgtZWZjOTUyNDdhZWVh&showApplicationForm=false,2026-09-04_14-46-58
Cloud Architect - NeuraGYM (human),Riederich,Neura Robotics,Software,https://jobs.neura-robotics.com/offer-redirect/?offerApiId=YjYzZWQ1MTYtNzBlZS00YzlhLWJjZjEtYTdjOTA2MDI2N2Uy&showApplicationForm=false,2026-09-04_14-46-58
"Dynamics, System Identification & Estimation Engineer - PLA (human)",Riederich,Neura Robotics,Software,https://jobs.neura-robotics.com/offer-redirect/?offerApiId=NmU5NGUzNzMtYjA0MC00Y2MzLThmZmMtNjc3YjcyMzljMmEy&showApplicationForm=false,2026-09-04_14-46-58
Engineering Manager (human),Riederich,Neura Robotics,Software,https://jobs.neura-robotics.com/offer-redirect/?offerApiId=ZjgxZmE3MDItZWY2OC00MzZmLWFlYWEtNjQyMmU3NDhiNmMz&showApplicationForm=false,2026-09-04_14-46-58
Firmware Engineer — Dexterous Hand Systems (human),Riederich,Neura Robotics,Software,https://jobs.neura-robotics.com/offer-redirect/?offerApiId=aTUvR0YrXntDfU4zYUA9T3BMZWNLU3dXLD1LQCgzWmQ1JVkpUjRbSQ==&showApplicationForm=false,2026-09-04_14-46-58
Fleet Orchestration Engineer - Neuraverse (human),Riederich,Neura Robotics,Software,https://jobs.neura-robotics.com/offer-redirect/?offerApiId=MzNmNTdlZmQtNmRhMi00NWZhLWI1NzYtZTk5MzNkYzZlMWYx&showApplicationForm=false,2026-09-04_14-46-58
Frontend Architect (human),Riederich,Neura Robotics,Software,https://jobs.neura-robotics.com/offer-redirect/?offerApiId=MDljY2E2OTgtZGIxOC00MWU2LWIwZjQtYjIwZjkyNjgwOWNh&showApplicationForm=false,2026-09-04_14-46-58
GPU Cluster Engineer (human),Riederich,Neura Robotics,Software,https://jobs.neura-robotics.com/offer-redirect/?offerApiId=MjVlMDYyMjAtY2RiNi00NDY4LThlZjQtMzcxMzJiYTQ2NzY2&showApplicationForm=false,2026-09-04_14-46-58
Integration & Distributed Systems Engineer – Cognitive Twin (human),Riederich,Neura Robotics,Software,https://jobs.neura-robotics.com/offer-redirect/?offerApiId=NWQzMTYwMzUtZjE1Ni00Y2I2LWEyMWMtYjA5NWJiZTg2NTc4&showApplicationForm=false,2026-09-04_14-46-58
IoT & Connectivity Engineer (human),Riederich,Neura Robotics,Software,https://jobs.neura-robotics.com/offer-redirect/?offerApiId=ODM1NWI5NWUtOGY0NS00NzMzLThmZDgtOWRiOGY1NzMwMTZj&showApplicationForm=false,2026-09-04_14-46-58
Locomotion & Whole-Body Control Engineer (human),Riederich,Neura Robotics,Software,https://jobs.neura-robotics.com/offer-redirect/?offerApiId=OTg2ZWJlZTAtZWU0My00ZWIyLTgwY2EtOGM2YzY1NGM5OTBl&showApplicationForm=false,2026-09-04_14-46-58
Platform Engineer - Neuraverse (human),Riederich,Neura Robotics,Software,https://jobs.neura-robotics.com/offer-redirect/?offerApiId=ODZiZGJhN2YtZWEyYS00ZmMwLTk3NDAtNjAwNzk4NmZmNDZh&showApplicationForm=false,2026-09-04_14-46-58
Proof of Concept (PoC) Engineer - Mobile Service Robots (human),Riederich,Neura Robotics,Software,https://jobs.neura-robotics.com/offer-redirect/?offerApiId=M2ViY2Q5NWYtNzgyMC00YjdlLTg5OTItMmQxNTdmNmYyODhh&showApplicationForm=false,2026-09-04_14-46-58
RT & Kernel Engineer (human),Riederich,Neura Robotics,Software,https://jobs.neura-robotics.com/offer-redirect/?offerApiId=P2YrQm5KdXlKZFZPdk5AdVUrd15LU3dXLD1LQCgzWmQ1JVkpUjRbSQ==&showApplicationForm=false,2026-09-04_14-46-58
RT Communication Bus Engineer (human),Riederich,Neura Robotics,Software,https://jobs.neura-robotics.com/offer-redirect/?offerApiId=ZWMzZTYzMGYtMzU1Ny00ZDYzLWE3YjMtZWY5ZTdlNzBhN2My&showApplicationForm=false,2026-09-04_14-46-58
Robot Client SDK Engineer (human),Riederich,Neura Robotics,Software,https://jobs.neura-robotics.com/offer-redirect/?offerApiId=YjM3OGE5YjktZjVlNy00MWFjLWE5ZWEtMjZmY2RhZjIwMDg2&showApplicationForm=false,2026-09-04_14-46-58
Robot Platform Engineer (human),Riederich,Neura Robotics,Software,https://jobs.neura-robotics.com/offer-redirect/?offerApiId=YjBiZjkwOTgtMGE4MC00ZGQ1LTg5YTMtNTNlOWY4MzdkNjE2&showApplicationForm=false,2026-09-04_14-46-58
Robotics Control Engineer (human),Riederich,Neura Robotics,Software,https://jobs.neura-robotics.com/offer-redirect/?offerApiId=N2YxNGQwNGItMDc2ZC00N2MwLWI1ZjgtYjIyZmU3NjBlOWVk&showApplicationForm=false,2026-09-04_14-46-58
Robotics Middleware Engineer (human),Riederich,Neura Robotics,Software,https://jobs.neura-robotics.com/offer-redirect/?offerApiId=YzNkZmYwZGEtZDllMS00MDU0LTgyMzktMjA1MDhiOGU1NTM2&showApplicationForm=false,2026-09-04_14-46-58
Robotics Software Engineer (human),Riederich,Neura Robotics,Software,https://jobs.neura-robotics.com/offer-redirect/?offerApiId=NmRjYmU0ZmYtNzJkMi00MWNkLTlhNmMtZWQxNGExZjM5Mjgz&showApplicationForm=false,2026-09-04_14-46-58
Senior Software Engineer - NEURAGym (human),Riederich,Neura Robotics,Software,https://jobs.neura-robotics.com/offer-redirect/?offerApiId=MWYyODUwZGYtOWEwZi00YTU1LThlM2MtMTFjZGI4YzAxZjYw&showApplicationForm=false,2026-09-04_14-46-58
Senior Software Test Engineer – Robot Arm (human),Riederich,Neura Robotics,Software,https://jobs.neura-robotics.com/offer-redirect/?offerApiId=OTdhMjIzYmQtNTM3ZS00ZjE4LWI1NTYtY2ZiOTg3YTA5ZTZk&showApplicationForm=false,2026-09-04_14-46-58
Simulation Engineer – Cognitive Twin (human),Riederich,Neura Robotics,Software,https://jobs.neura-robotics.com/offer-redirect/?offerApiId=ZDBhNzk4NjMtZTc2My00ZjJiLWEyNzAtNzk2OWEyNGM3YWI1&showApplicationForm=false,2026-09-04_14-46-58
Software Engineer – Fleet Management & Platform Integration (human),Riederich,Neura Robotics,Software,https://jobs.neura-robotics.com/offer-redirect/?offerApiId=NGUyOGI5OWItOGVkYS00YWI4LWFkZjYtOTJjZjY0YmZkY2Vm&showApplicationForm=false,2026-09-04_14-46-58
Software Engineer – Interface Architecture & Platform Integration (human),Riederich,Neura Robotics,Software,https://jobs.neura-robotics.com/offer-redirect/?offerApiId=ODVkMDRiZTktNzE5OC00NDUyLWFhMjctOWE2YzRlZmQzNjgx&showApplicationForm=false,2026-09-04_14-46-58
Software Engineer – Navigation Engineer (human),Riederich,Neura Robotics,Software,https://jobs.neura-robotics.com/offer-redirect/?offerApiId=ZDQwNmExOTctNWRkMC00YWU3LTkwMzUtYzg2MGI5NTgyYjZl&showApplicationForm=false,2026-09-04_14-46-58
Software Test Engineer - Mipa (human),Riederich,Neura Robotics,Software,https://jobs.neura-robotics.com/offer-redirect/?offerApiId=ODJkMDEzMzMtYTU5Ni00NWQ4LWE1M2MtMTBmZjg1NmYwNWFk&showApplicationForm=false,2026-09-04_14-46-58
Software Test Engineer - Robot Arm (human),Riederich,Neura Robotics,Software,https://jobs.neura-robotics.com/offer-redirect/?offerApiId=NjlkNjI4MzEtM2ViZS00NDZlLWIzM2EtYzJiNmYwYTZjMjJj&showApplicationForm=false,2026-09-04_14-46-58
Software Test engineer - Neuraverse (human),Riederich,Neura Robotics,Software,https://jobs.neura-robotics.com/offer-redirect/?offerApiId=MTViZWFiZDgtYjc2Ny00NDFhLTkwZGItYzViNWM1ODZhYWIw&showApplicationForm=false,2026-09-04_14-46-58
Locomotion & Whole-Body Control Engineer - Humanoid (human),Zurich,Neura Robotics,Software,https://jobs.neura-robotics.com/offer-redirect/?offerApiId=MWQ3N2E5MDAtZjBlZC00MDQwLTlmODQtYzM3M2IzNzU4YmY5&showApplicationForm=false,2026-09-04_14-46-58
RT & Kernel Engineer (human),Zurich,Neura Robotics,Software,https://jobs.neura-robotics.com/offer-redirect/?offerApiId=P2YrQm5KdXlKZFZPdk5AdVUrd15ZOXpoZzJsTkR1SnJmQnhXPUx1eg==&showApplicationForm=false,2026-09-04_14-46-58
Robot Platform Engineer - Humanoid (human),Zurich,Neura Robotics,Software,https://jobs.neura-robotics.com/offer-redirect/?offerApiId=NjkzNGYwMGItNmUwZS00ZmU1LWFkN2UtNTUxMDIwZTQ4OWVm&showApplicationForm=false,2026-09-04_14-46-58
Senior Robotics Middleware Engineer - Humanoid (human),Zurich,Neura Robotics,Software,https://jobs.neura-robotics.com/offer-redirect/?offerApiId=YjI2NmFmNjktYTc3Ni00ZmNkLTkwNDktY2NjOTQ5ZGQyMjkx&showApplicationForm=false,2026-09-04_14-46-58
"Software Engineer in Test, Robotics Middleware & Systems - Humanoid (human)",Zurich,Neura Robotics,Software,https://jobs.neura-robotics.com/offer-redirect/?offerApiId=MDM2NGViNGYtYmYwNy00YjQ4LWJkODYtMGZiYWU4MGI0MjA5&showApplicationForm=false,2026-09-04_14-46-58
System Test Engineer - Humanoid (human),Zurich,Neura Robotics,Software,https://jobs.neura-robotics.com/offer-redirect/?offerApiId=ODEzMGY1OWQtYTNjMC00N2VjLTg1ZGYtYjVjNjg1YzY5ZDcz&showApplicationForm=false,2026-09-04_14-46-58
Project Buyer Mechanics (human),Riederich,Neura Robotics,Supply Chain,https://jobs.neura-robotics.com/offer-redirect/?offerApiId=YjlmY2E2MzMtN2Q3Yi00YjUzLTk3MDgtYzRmNGZkODA1NjRi&showApplicationForm=false,2026-09-04_14-46-58
Purchasing Group Lead (human),Riederich,Neura Robotics,Supply Chain,https://jobs.neura-robotics.com/offer-redirect/?offerApiId=YWVhNjMyNzEtNjk4MS00NGIyLWE0YmUtYWM2ZGJjM2NlYzRi&showApplicationForm=false,2026-09-04_14-46-58
Purchasing Intern (human),Riederich,Neura Robotics,Supply Chain,https://jobs.neura-robotics.com/offer-redirect/?offerApiId=YzYyMDQyYTYtYzkyYi00ZmZhLWFkYzQtYmM4ZTJhZmMzMzEy&showApplicationForm=false,2026-09-04_14-46-58
Functional Safety Engineer (human),Munich,Neura Robotics,Systems Engineering,https://jobs.neura-robotics.com/offer-redirect/?offerApiId=YjFlNjc5OWMtNjBlYy00MzUwLTk2NzYtZmI4ZTY3MmMyMjI5&showApplicationForm=false,2026-09-04_14-46-58
System Engineer (human),Munich,Neura Robotics,Systems Engineering,https://jobs.neura-robotics.com/offer-redirect/?offerApiId=NWVkNGUyMGMtMjIxNS00MGFlLWFlZTEtMDA4ZjEyMTgxZjlm&showApplicationForm=false,2026-09-04_14-46-58
Certification Coordinator (human),Riederich,Neura Robotics,Systems Engineering,https://jobs.neura-robotics.com/offer-redirect/?offerApiId=ZmUxMzE1YzQtZDgzMy00YTIzLTk4ODctMTc3ZmM2ZjA0YTQ1&showApplicationForm=false,2026-09-04_14-46-58
Certification Expert – Robotics (human),Riederich,Neura Robotics,Systems Engineering,https://jobs.neura-robotics.com/offer-redirect/?offerApiId=MWQxMGIyNDEtYzhlYS00ZGZiLWFmMGEtODhhNjAxZjI3OWYz&showApplicationForm=false,2026-09-04_14-46-58
"Cybersecruity Engineer - Embedded, Robotics (human)",Riederich,Neura Robotics,Systems Engineering,https://jobs.neura-robotics.com/offer-redirect/?offerApiId=NmNhOWFmM2EtZThiNC00YjdlLWJlYjgtZjNjYmE2Yjg0ZGIz&showApplicationForm=false,2026-09-04_14-46-58
"Cybersecurity Engineer - Cloud, Ops (human)",Riederich,Neura Robotics,Systems Engineering,https://jobs.neura-robotics.com/offer-redirect/?offerApiId=YjA0M2U0ODMtNGVmOS00MmZiLWEzMmEtNDgwY2QzZGZmMDVj&showApplicationForm=false,2026-09-04_14-46-58
E/E Architect (Human),Riederich,Neura Robotics,Systems Engineering,https://jobs.neura-robotics.com/offer-redirect/?offerApiId=YTk5MmE2NGMtMjZmNi00ODQyLWE2MWUtODc4Yjc2MGUyOWM3&showApplicationForm=false,2026-09-04_14-46-58
Functional Safety Engineer (human),Riederich,Neura Robotics,Systems Engineering,https://jobs.neura-robotics.com/offer-redirect/?offerApiId=ZjU3YjQ0YTctZDU4Yy00MDNjLWI2NTctNzcxZTA0YjgzMTU3&showApplicationForm=false,2026-09-04_14-46-58
Functional Safety Manager (human),Riederich,Neura Robotics,Systems Engineering,https://jobs.neura-robotics.com/offer-redirect/?offerApiId=OTUxNmQ0MGYtNTZkYi00ODg5LTkyYTctYzc0OTFkM2YxNzk0&showApplicationForm=false,2026-09-04_14-46-58
Group Lead System Development (human),Riederich,Neura Robotics,Systems Engineering,https://jobs.neura-robotics.com/offer-redirect/?offerApiId=MDQ1YWNhMjEtMWQ1Zi00ZGQ4LTgyZTAtOWIxODZiMjAyYjE0&showApplicationForm=false,2026-09-04_14-46-58
Group Manager – Functional Safety (human),Riederich,Neura Robotics,Systems Engineering,https://jobs.neura-robotics.com/offer-redirect/?offerApiId=NDc0YWFmMzgtMmVhMC00MWU3LWFlMTEtMDIwNGUyNzkzOTg2&showApplicationForm=false,2026-09-04_14-46-58
Safety Programmer (human),Riederich,Neura Robotics,Systems Engineering,https://jobs.neura-robotics.com/offer-redirect/?offerApiId=ZWRiMTk2NDAtZGM4My00NjY5LWI3OGEtNjc1YTI0NTlmYmI3&showApplicationForm=false,2026-09-04_14-46-58
"Simulation Engineer, Gearbox & Bearings (Human)",Riederich,Neura Robotics,Systems Engineering,https://jobs.neura-robotics.com/offer-redirect/?offerApiId=YTM1NzVkZGUtYjA2Mi00OWJjLTk5ZmEtYzZiYzY2YTg5ZmZl&showApplicationForm=false,2026-09-04_14-46-58
"Simulation Engineer, Thermal (Human)",Riederich,Neura Robotics,Systems Engineering,https://jobs.neura-robotics.com/offer-redirect/?offerApiId=MjEyMDcxOGQtM2Q1OS00YzVlLWIzZjQtMDhlZWQ3NTg2MDg3&showApplicationForm=false,2026-09-04_14-46-58
Structural Analysis Engineer (Human),Riederich,Neura Robotics,Systems Engineering,https://jobs.neura-robotics.com/offer-redirect/?offerApiId=MGIzMTQ4ZGMtYjMyOS00YzI4LTlhZWQtZTlmMWRiMDk1NDRl&showApplicationForm=false,2026-09-04_14-46-58
System Engineer (human),Riederich,Neura Robotics,Systems Engineering,https://jobs.neura-robotics.com/offer-redirect/?offerApiId=OWZhMmEzNDQtNDljZi00ODkwLThiYWUtNDI5YTliZDJlZjNh&showApplicationForm=false,2026-09-04_14-46-58
Systems Architect (human),Riederich,Neura Robotics,Systems Engineering,https://jobs.neura-robotics.com/offer-redirect/?offerApiId=YWFjZmYxYmQtY2U3ZS00MjUxLWExYjAtYmNhNWEwOWRkMTQy&showApplicationForm=false,2026-09-04_14-46-58
System Engineer - Humanoid (human),Zurich,Neura Robotics,Systems Engineering,https://jobs.neura-robotics.com/offer-redirect/?offerApiId=OWE2YTExNjMtNzBjMS00ZWE4LWFkOGItZjdjYzgxZmMxZjI3&showApplicationForm=false,2026-09-04_14-46-58
Send Us Your CV (human),Riederich,Neura Robotics,Unsolicited Application,https://jobs.neura-robotics.com/offer-redirect/?offerApiId=MzU0NDYzOWUtNTNlOC00ZjhiLWFlOTgtYzE1OGVjOWVjYWIx&showApplicationForm=false,2026-09-04_14-46-58
