date,change_type,title,location,timestamp
2026-06-26,NEW,Civil Engineer/Project Manager - Rail/Transit,"Wethersfield, Connecticut, United States",2026-06-26_08-58-33
2026-06-26,NEW,Bridge Engineering Professional Associate,"Corvallis, Oregon, United States",2026-06-26_08-58-33
2026-06-26,NEW,Facilities Instrumentation Engineering Owner’s Representative (41302),"Boise, Idaho, United States",2026-06-26_08-58-33
2026-06-26,NEW,Senior Layout Designer/Industrial Engineer (41300),"Essex Junction, Vermont, United States",2026-06-26_08-58-33
2026-06-26,NEW,Layout Designer/Industrial Designer (41299),"Portland, Oregon, United States",2026-06-26_08-58-33
2026-06-26,NEW,Electrical Quality Lead (LSNA-PR),"Guaynabo, Puerto Rico, United States",2026-06-26_08-58-33
2026-06-26,NEW,Project Manager (LSNA-CA),"San Francisco, California, United States",2026-06-26_08-58-33
2026-06-26,NEW,"Stormwater/Collections Operator - Key West, FL ($12,000/year COLA)","Key West, Florida, United States",2026-06-26_08-58-33
2026-06-26,NEW,"Industrial Pre-Treatment Coordinator - Hood River, OR","Hood River, Oregon, United States",2026-06-26_08-58-33
2026-06-26,NEW,Federal PMCM Senior Program Manager,"Pensacola, Florida, United States",2026-06-26_08-58-33
2026-06-26,NEW,Owner’s Advisor/Program Manager – Energy & Power (Pacific NW),"Portland, Oregon, United States",2026-06-26_08-58-33
2026-06-26,NEW,Project Manager,"Albany, New York, United States",2026-06-26_08-58-33
2026-06-26,NEW,Entry Level Electrical Engineer - Data Centers,"Pittsburgh, Pennsylvania, United States",2026-06-26_08-58-33
2026-06-26,NEW,Civil/Structural/Arch Construction Technical Services Specialist,"Spartanburg, South Carolina, United States",2026-06-26_08-58-33
2026-06-26,NEW,Senior Electrical Engineering Project Discipline Lead: Gas Power Generation,"Denver, Colorado, United States",2026-06-26_08-58-33
2026-06-26,NEW,Electrical Technical Services Lead,"Baton Rouge, Louisiana, United States",2026-06-26_08-58-33
2026-06-26,NEW,Entry Level Environmental Engineer/Geologist (Anchorage),"Anchorage, Alaska, United States",2026-06-26_08-58-33
2026-06-26,NEW,Project Engineer,"Albany, New York, United States",2026-06-26_08-58-33
2026-06-26,NEW,Project Digital Delivery Lead (41279),"Portland, Oregon, United States",2026-06-26_08-58-33
2026-06-26,NEW,Utility Permit Coordinator,"Atlanta, Georgia, United States",2026-06-26_08-58-33
2026-06-26,NEW,Account Strategist - Water,"Philadelphia, Pennsylvania, United States",2026-06-26_08-58-33
2026-06-26,NEW,Mechanical Designer (Data Centers),"Pittsburgh, Pennsylvania, United States",2026-06-26_08-58-33
2026-06-26,NEW,Entry Level Environmental Remediation Professional (Kansas City),"Kansas City, Missouri, United States",2026-06-26_08-58-33
2026-06-26,NEW,Site/Civil Engineer,"Kansas City, Missouri, United States",2026-06-26_08-58-33
2026-06-26,NEW,Project Digital Delivery Coordinator (41251),"Portland, Oregon, United States",2026-06-26_08-58-33
2026-06-26,NEW,Electrical Engineer Jr. (Data Centers),"New York, New York, United States",2026-06-26_08-58-33
2026-06-26,NEW,Lead Technologist/ Project Manager – Energy Solutions Advisory,"Denver, Colorado, United States",2026-06-26_08-58-33
2026-06-26,NEW,On Call Archaeologist,"Denver, Colorado, United States",2026-06-26_08-58-33
2026-06-26,NEW,Wastewater Operator Intern - Summer 2026,"West Melbourne, Florida, United States",2026-06-26_08-58-33
2026-06-26,NEW,"Wastewater Collections System Superintendent - Hoboken, NJ","Hoboken, New Jersey, United States",2026-06-26_08-58-33
2026-06-26,NEW,Federal Design Project Manager,"Chicago, Illinois, United States",2026-06-26_08-58-33
2026-06-26,NEW,"Electrical Design Technician (Career-Level, Advanced Manufacturing)","Greenville, South Carolina, United States",2026-06-26_08-58-33
2026-06-26,NEW,Senior Project Director – Rail Transit,"Los Angeles, California, United States",2026-06-26_08-58-33
2026-06-26,NEW,Senior Carbon Management Consultant,"FPO, All US Regions, United States",2026-06-26_08-58-33
2026-06-26,NEW,Federal Environmental Compliance Project Manager,"Salt Lake City, Utah, United States",2026-06-26_08-58-33
2026-06-26,NEW,Multimedia Environmental Compliance Consultant,"Las Vegas, Nevada, United States",2026-06-26_08-58-33
2026-06-26,NEW,Entry - Mid Level Transportation Planner,"Austin, Texas, United States",2026-06-26_08-58-33
2026-06-26,NEW,"Parks and Facilities Irrigation Lead - Centennial, CO","Centennial, Colorado, United States",2026-06-26_08-58-33
2026-06-26,NEW,"Administrative Assistant (Entry Level)- Pembroke Pines, FL","Pembroke Pines, Florida, United States",2026-06-26_08-58-33
2026-06-26,NEW,Entry-Level Civil Engineer - Highways,"St. Louis, Missouri, United States",2026-06-26_08-58-33
2026-06-26,NEW,Project Manager,"West Palm Beach, Florida, United States",2026-06-26_08-58-33
2026-06-26,NEW,General Technician Intermediate,"Ocean Springs, Mississippi, United States",2026-06-26_08-58-33
2026-06-26,NEW,Mid-Senior Level Transportation Planner,"Austin, Texas, United States",2026-06-26_08-58-33
2026-06-26,NEW,Electrical Engineer (Data Centers),"Omaha, Nebraska, United States",2026-06-26_08-58-33
2026-06-26,NEW,Business Development Coordinator & Miami Office Engagement Lead,"Miami, Florida, United States",2026-06-26_08-58-33
2026-06-26,NEW,Regional Electrical & Instrumentation Specialist - Central US Region,"Oklahoma City, Oklahoma, United States",2026-06-26_08-58-33
2026-06-26,NEW,Regional Maintenance Specialist - Central US Region,"Oklahoma City, Oklahoma, United States",2026-06-26_08-58-33
2026-06-26,NEW,Wireless Telecommunications Design Lead,"Philadelphia, Pennsylvania, United States",2026-06-26_08-58-33
2026-06-26,NEW,Sr. Electrical Engineer (Data Centers),"Omaha, Nebraska, United States",2026-06-26_08-58-33
2026-06-26,NEW,Project Architect - Federal Building Design,"Atlanta, Georgia, United States",2026-06-26_08-58-33
2026-06-26,NEW,Senior Plumbing Engineer (Data Center),"Philadelphia, Pennsylvania, United States",2026-06-26_08-58-33
2026-06-26,NEW,"Office Engineer (Newark, NJ)","Newark, New Jersey, United States",2026-06-26_08-58-33
2026-06-26,NEW,Mechanical Engineer - Federal Buildings,"Bellevue, Washington, United States",2026-06-26_08-58-33
2026-06-26,NEW,Project Administrator/Document Controls Specialist,"Spartanburg, South Carolina, United States",2026-06-26_08-58-33
2026-06-26,NEW,Administrative Assistant,"Spartanburg, South Carolina, United States",2026-06-26_08-58-33
2026-06-26,NEW,EPC Telecom Engineer,"San Francisco, California, United States",2026-06-26_08-58-33
2026-06-26,NEW,"Assistant Resident Engineer (Newark, NJ)","Newark, New Jersey, United States",2026-06-26_08-58-33
2026-06-26,NEW,Associate Project Architect,"Boston, Massachusetts, United States",2026-06-26_08-58-33
2026-06-26,NEW,Multimedia Environmental Compliance Consultant,"Baltimore, Maryland, United States",2026-06-26_08-58-33
2026-06-26,NEW,Multimedia Environmental Compliance Consultant,"Virginia Beach, Virginia, United States",2026-06-26_08-58-33
2026-06-26,NEW,Procurement Associate Professional,"Denver, Colorado, United States",2026-06-26_08-58-33
2026-06-26,NEW,Senior Health & Safety Auditor,"FPO, All US Regions, United States",2026-06-26_08-58-33
2026-06-26,NEW,"Senior Environmental, Health & Safety (EHS) Auditor","FPO, All US Regions, United States",2026-06-26_08-58-33
2026-06-26,NEW,Civil/Structural/Arch Construction Technical Services Specialist,"Spartanburg, South Carolina, United States",2026-06-26_08-58-33
2026-06-26,NEW,Civil/Structural/Arch Construction Technical Services Specialist,"Saint Francisville, Louisiana, United States",2026-06-26_08-58-33
2026-06-26,NEW,Intermediate Health & Safety Auditor,"FPO, All US Regions, United States",2026-06-26_08-58-33
2026-06-26,NEW,"Intermediate Environmental, Health & Safety (EHS) Auditor","FPO, All US Regions, United States",2026-06-26_08-58-33
2026-06-26,NEW,Senior Construction Director (LSNA-Northeast),"Cary, North Carolina, United States",2026-06-26_08-58-33
2026-06-26,NEW,"GIS Technician - The Villages, FL","The Villages, Florida, United States",2026-06-26_08-58-33
2026-06-26,NEW,Senior Scheduler - Engineering,"New Orleans, Louisiana, United States",2026-06-26_08-58-33
2026-06-26,NEW,"Water Instrumentation & Controls Electrician - Woodland-Davis, CA","Woodland, California, United States",2026-06-26_08-58-33
2026-06-26,NEW,Construction Manager - Rail/Transit,"New York, New York, United States",2026-06-26_08-58-33
2026-06-26,NEW,"Meter Department Supervisor - Pembroke Pines, FL","Pembroke Pines, Florida, United States",2026-06-26_08-58-33
2026-06-26,NEW,Project Manager,"Tampa, Florida, United States",2026-06-26_08-58-33
2026-06-26,NEW,Senior Design Architect (LSNA-PA/IN/OH/NC/TX/VA),"Conshohocken, Pennsylvania, United States",2026-06-26_08-58-33
2026-06-26,NEW,Senior Certified Welder and High Strength Bolting Inspector,"Los Angeles, California, United States",2026-06-26_08-58-33
2026-06-26,NEW,Construction Manager (LSNA-PA),"Conshohocken, Pennsylvania, United States",2026-06-26_08-58-33
2026-06-26,NEW,Senior Water Resources Project Manager,"Omaha, Nebraska, United States",2026-06-26_08-58-33
2026-06-26,NEW,Water Project Engineer,"Davie, Florida, United States",2026-06-26_08-58-33
2026-06-26,NEW,Director of Construction (Data Centers),"Corpus Christi, Texas, United States",2026-06-26_08-58-33
2026-06-26,NEW,Director of Construction (Data Centers),"Saint Francisville, Louisiana, United States",2026-06-26_08-58-33
2026-06-26,NEW,Sr Construction Manager (Data Centers),"Saint Francisville, Louisiana, United States",2026-06-26_08-58-33
2026-06-26,NEW,Sr Construction Manager (Data Centers),"Corpus Christi, Texas, United States",2026-06-26_08-58-33
2026-06-26,NEW,Wireless Telecommunications Design Lead,"Philadelphia, Pennsylvania, United States",2026-06-26_08-58-33
2026-06-26,NEW,Design Coordination Lead - (Design/Build – Rail/Transit),"New York, New York, United States",2026-06-26_08-58-33
2026-06-26,NEW,Electrical Engineer -- Bellevue WA,"Bellevue, Washington, United States",2026-06-26_08-58-33
2026-06-26,NEW,Water Design-Build Design Manager,"San Diego, California, United States",2026-06-26_08-58-33
2026-06-26,NEW,Project Engineer - Water/Wastewater,"Morristown, New Jersey, United States",2026-06-26_08-58-33
2026-06-26,NEW,Senior Project Architect (Transportation),"New York, New York, United States",2026-06-26_08-58-33
2026-06-26,NEW,Entry Level Overhead Transmission Line Engineer,"Boston, Massachusetts, United States",2026-06-26_08-58-33
2026-06-26,NEW,Piping Design Lead / Discipline Specialist,"Portland, Oregon, United States",2026-06-26_08-58-33
2026-06-26,NEW,Senior Piping Designer,"Portland, Oregon, United States",2026-06-26_08-58-33
2026-06-26,NEW,OT Administrator - West Region,"San Diego, California, United States",2026-06-26_08-58-33
2026-06-26,NEW,Cost Controls (LSNA-OH/IN),"Cincinnati, Ohio, United States",2026-06-26_08-58-33
2026-06-26,NEW,Piping Superintendent (LSNA-NC),"Cary, North Carolina, United States",2026-06-26_08-58-33
2026-06-26,NEW,Mid Career Electrical Cost Estimator - Eastern U.S.,"Boston, Massachusetts, United States",2026-06-26_08-58-33
2026-06-26,NEW,Jr Electrical Cost Estimator - Eastern U.S.,"Boston, Massachusetts, United States",2026-06-26_08-58-33
2026-06-26,NEW,Scheduler,"Atlanta, Georgia, United States",2026-06-26_08-58-33
2026-06-26,NEW,Senior Scheduler,"Atlanta, Georgia, United States",2026-06-26_08-58-33
2026-06-26,NEW,"Electrical Engineer, Digital Twin & Simulation","Dallas, Texas, United States",2026-06-26_08-58-33
2026-06-26,NEW,Design Manager – Electrical Transmission and Distribution (Pacific NW),"Bellevue, Washington, United States",2026-06-26_08-58-33
2026-06-26,NEW,Project Controls Professional - Central Region U.S.,"Denver, Colorado, United States",2026-06-26_08-58-33
2026-06-26,NEW,Project Controls Specialist – Southeast Region U.S.,"Philadelphia, Pennsylvania, United States",2026-06-26_08-58-33
2026-06-26,NEW,Pipe Stress Engineer,"Chandler, Arizona, United States",2026-06-26_08-58-33
2026-06-26,NEW,Pipe Stress Engineer,"Chandler, Arizona, United States",2026-06-26_08-58-33
2026-06-26,NEW,Tunnel Structural Engineer,"Boston, Massachusetts, United States",2026-06-26_08-58-33
2026-06-26,NEW,Project Manager (LSNA-NC-1),"Cary, North Carolina, United States",2026-06-26_08-58-33
2026-06-26,NEW,Senior Solution Architect,"Arlington, Virginia, United States",2026-06-26_08-58-33
2026-06-26,NEW,Project Manager - MEP Buildings,"Dallas, Texas, United States",2026-06-26_08-58-33
2026-06-26,NEW,Senior Process Engineer - Remote/Hybrid (LSNA-PA/NC/OH/IN/TX/VA/MA/CA),"Conshohocken, Pennsylvania, United States",2026-06-26_08-58-33
2026-06-26,NEW,Construction Project Manager,"New York, New York, United States",2026-06-26_08-58-33
2026-06-26,NEW,Senior Siting Lead,"St. Louis, Missouri, United States",2026-06-26_08-58-33
2026-06-26,NEW,Construction Management Professional Associate,"Cary, North Carolina, United States",2026-06-26_08-58-33
2026-06-26,NEW,Instrumentation and Controls Engineer,"Bellevue, Washington, United States",2026-06-26_08-58-33
2026-06-26,NEW,"Water Mechanic II - Woodland-Davis, CA","Woodland, California, United States",2026-06-26_08-58-33
2026-06-26,NEW,Mechanical HVAC Engineer (Data Center),"Pittsburgh, Pennsylvania, United States",2026-06-26_08-58-33
2026-06-26,NEW,Project Controls Professional,"Portland, Oregon, United States",2026-06-26_08-58-33
2026-06-26,NEW,Communications Systems Designer - security clearance required,"Arlington, Virginia, United States",2026-06-26_08-58-33
2026-06-26,NEW,Life Safety Systems/Fire Alarm Engineer,"Philadelphia, Pennsylvania, United States",2026-06-26_08-58-33
2026-06-26,NEW,Associate Salesforce Product Owner,"Dallas, Texas, United States",2026-06-26_08-58-33
2026-06-26,NEW,Senior Commissioning Specialist,"New York, New York, United States",2026-06-26_08-58-33
2026-06-26,NEW,Client Service Lead (FDOT),"Orlando, Florida, United States",2026-06-26_08-58-33
2026-06-26,NEW,Piping Construction Superintendent (LSNA-PR),"Guaynabo, Puerto Rico, United States",2026-06-26_08-58-33
2026-06-26,NEW,Mid-Level Water Engineer,"Holladay, Utah, United States",2026-06-26_08-58-33
2026-06-26,NEW,Commissioning Specialist,"St. Louis, Missouri, United States",2026-06-26_08-58-33
2026-06-26,NEW,Commissioning Specialist,"Chicago, Illinois, United States",2026-06-26_08-58-33
2026-06-26,NEW,Wastewater Engineer,"Holladay, Utah, United States",2026-06-26_08-58-33
2026-06-26,NEW,Senior Conveyance Project Manager,"Holladay, Utah, United States",2026-06-26_08-58-33
2026-06-26,NEW,Structural/Bridge Design Technician,"St. Louis, Missouri, United States",2026-06-26_08-58-33
2026-06-26,NEW,Safety Supervisor,"Corpus Christi, Texas, United States",2026-06-26_08-58-33
2026-06-26,NEW,Wastewater Assistant Project Manager - Westerly RI,"Westerly, Rhode Island, United States",2026-06-26_08-58-33
2026-06-26,NEW,Water Resources Design Engineer / Design Manager,"Denver, Colorado, United States",2026-06-26_08-58-33
2026-06-26,NEW,Civil Engineer,"St. Louis, Missouri, United States",2026-06-26_08-58-33
2026-06-26,NEW,Senior Fire Protection Engineer,"Arlington, Virginia, United States",2026-06-26_08-58-33
2026-06-26,NEW,Project Manager - Healthcare Buildings,"Los Angeles, California, United States",2026-06-26_08-58-33
2026-06-26,NEW,Senior/Lead Electrical Engineer: Energy and Power (Nationwide),"Philadelphia, Pennsylvania, United States",2026-06-26_08-58-33
2026-06-26,NEW,Electrical Engineer: Energy and Power,"Philadelphia, Pennsylvania, United States",2026-06-26_08-58-33
2026-06-26,NEW,Cities & Places Practice Leader - West Region,"San Francisco, California, United States",2026-06-26_08-58-33
2026-06-26,NEW,Florida Business Leader-Vertical PMCM,"Miami, Florida, United States",2026-06-26_08-58-33
2026-06-26,NEW,Structural Engineering Professional (39131),"Tempe, Arizona, United States",2026-06-26_08-58-33
2026-06-26,NEW,Structural Engineering Professional (39129),"Tempe, Arizona, United States",2026-06-26_08-58-33
2026-06-26,NEW,Proposal Manager - Austin TX,"Austin, Texas, United States",2026-06-26_08-58-33
2026-06-26,NEW,Sustainability Lead (Data Centers),"Conshohocken, Pennsylvania, United States",2026-06-26_08-58-33
2026-06-26,NEW,Sr. CQV Start-Up/Commissioning Project Manager (LSNA-IN/VA),"Indianapolis, Indiana, United States",2026-06-26_08-58-33
2026-06-26,NEW,CQV Engineer (LSNA-IN/VA),"Indianapolis, Indiana, United States",2026-06-26_08-58-33
2026-06-26,NEW,Site Services & Mechanical Equipment Reassembly Construction Superintendent (LSNA-NC),"Cary, North Carolina, United States",2026-06-26_08-58-33
2026-06-26,NEW,"Project Manager (Pearl River, NY)","Orangeburg, New York, United States",2026-06-26_08-58-33
2026-06-26,NEW,Sr. Electrical Engineer (Data Centers),"Philadelphia, Pennsylvania, United States",2026-06-26_08-58-33
2026-06-26,NEW,Structural Engineer (Mid-Senior Level),"Philadelphia, Pennsylvania, United States",2026-06-26_08-58-33
2026-06-26,NEW,Senior Landscape Architect,"Chicago, Illinois, United States",2026-06-26_08-58-33
2026-06-26,NEW,CAD Design Technician - Aviation,"Pittsburgh, Pennsylvania, United States",2026-06-26_08-58-33
2026-06-26,NEW,Project Manager,"Goose Creek, South Carolina, United States",2026-06-26_08-58-33
2026-06-26,NEW,Career Level DevSecOps Engineer,"Nashua, New Hampshire, United States",2026-06-26_08-58-33
2026-06-26,NEW,Associate Level DevSecOps Engineer,"Nashua, New Hampshire, United States",2026-06-26_08-58-33
2026-06-26,NEW,Intermediate Level DevSecOps Engineer,"Nashua, New Hampshire, United States",2026-06-26_08-58-33
2026-06-26,NEW,Senior Project Architect & Design Manager,"San Francisco, California, United States",2026-06-26_08-58-33
2026-06-26,NEW,Preconstruction Manager - Design-Build,"Tampa, Florida, United States",2026-06-26_08-58-33
2026-06-26,NEW,Senior Resident Engineer,"Atlanta, Georgia, United States",2026-06-26_08-58-33
2026-06-26,NEW,Electrical Estimator,"Denver, Colorado, United States",2026-06-26_08-58-33
2026-06-26,NEW,Project Manager - Construction,"Wethersfield, Connecticut, United States",2026-06-26_08-58-33
2026-06-26,NEW,Project Engineer - Education Facilities,"Albany, New York, United States",2026-06-26_08-58-33
2026-06-26,NEW,Senior Overhead Transmission Line Engineer,"Denver, Colorado, United States",2026-06-26_08-58-33
2026-06-26,NEW,Aviation Project Manager,"Washington, District of Columbia, United States",2026-06-26_08-58-33
2026-06-26,NEW,Senior Structural Engineer - Ports and Maritime,"Bellevue, Washington, United States",2026-06-26_08-58-33
2026-06-26,NEW,Senior Highway Design Engineer,"Atlanta, Georgia, United States",2026-06-26_08-58-33
2026-06-26,NEW,Resident Project Representative/Construction Inspector,"Louisville, Kentucky, United States",2026-06-26_08-58-33
2026-06-26,NEW,Sr. Mechanical Engineer,"Portland, Oregon, United States",2026-06-26_08-58-33
2026-06-26,NEW,Structural Engineer - Federal Buildings,"Knoxville, Tennessee, United States",2026-06-26_08-58-33
2026-06-26,NEW,Geotechnical Engineer/Construction Administrator,"St. Louis, Missouri, United States",2026-06-26_08-58-33
2026-06-26,NEW,Design Architect,"Portland, Oregon, United States",2026-06-26_08-58-33
2026-06-26,NEW,High Voltage Equipment Specialist (HVDC/FACTS),"Denver, Colorado, United States",2026-06-26_08-58-33
2026-06-26,NEW,BHS Inspector/Construction Coordinator,"Tampa, Florida, United States",2026-06-26_08-58-33
2026-06-26,NEW,Fire Protection / Life Safety Systems (LSS) Engineer,"Philadelphia, Pennsylvania, United States",2026-06-26_08-58-33
2026-06-26,NEW,Sr Rail Transit Project Manager,"Los Angeles, California, United States",2026-06-26_08-58-33
2026-06-26,NEW,Project Engineer - Design Build,"Cincinnati, Ohio, United States",2026-06-26_08-58-33
2026-06-26,NEW,Civil/Structural/Arch Construction Technical Services Specialist,"Baton Rouge, Louisiana, United States",2026-06-26_08-58-33
2026-06-26,NEW,Electrical Construction Technical Services Specialist,"Spartanburg, South Carolina, United States",2026-06-26_08-58-33
2026-06-26,NEW,Construction Inspector - Water/Wastewater,"Richmond, Virginia, United States",2026-06-26_08-58-33
2026-06-26,NEW,Client Service Lead (CDOT),"Denver, Colorado, United States",2026-06-26_08-58-33
2026-06-26,NEW,Protection and Control (P&C) Engineer – Transmission,"Denver, Colorado, United States",2026-06-26_08-58-33
2026-06-26,NEW,Senior Project Manager/Client Service Lead - Water,"Nashville, Tennessee, United States",2026-06-26_08-58-33
2026-06-26,NEW,Structural Bridge Engineer,"Baltimore, Maryland, United States",2026-06-26_08-58-33
2026-06-26,NEW,VDC 4D Coordinator,"Dallas, Texas, United States",2026-06-26_08-58-33
2026-06-26,NEW,Mechanical Construction Superintendent (LSNA),"Conshohocken, Pennsylvania, United States",2026-06-26_08-58-33
2026-06-26,NEW,Sr. Project Manager - Buildings,"Los Angeles, California, United States",2026-06-26_08-58-33
2026-06-26,NEW,Purchasing Professional,"Greenville, South Carolina, United States",2026-06-26_08-58-33
2026-06-26,NEW,Design Build Transportation Design Manager,"Tempe, Arizona, United States",2026-06-26_08-58-33
2026-06-26,NEW,Design Build Transportation Design Manager,"Houston, Texas, United States",2026-06-26_08-58-33
2026-06-26,NEW,Design Build Transportation Design Manager,"Holladay, Utah, United States",2026-06-26_08-58-33
2026-06-26,NEW,Junior Civil Engineer,"Irvine, California, United States",2026-06-26_08-58-33
2026-06-26,NEW,Federal Design Project Manager,"Honolulu, Hawaii, United States",2026-06-26_08-58-33
2026-06-26,NEW,Project Architect - Water Resource Recovery Market,"Detroit, Michigan, United States",2026-06-26_08-58-33
2026-06-26,NEW,Senior Hydraulic Modeler,"Chicago, Illinois, United States",2026-06-26_08-58-33
2026-06-26,NEW,Industrial Water Principal,"Atlanta, Georgia, United States",2026-06-26_08-58-33
2026-06-26,NEW,Electrical Engineer,"St. Louis, Missouri, United States",2026-06-26_08-58-33
2026-06-26,NEW,Industrial Water/Wastewater Engineer,"Cleveland, Ohio, United States",2026-06-26_08-58-33
2026-06-26,NEW,Project Controls Engineer,"Washington, District of Columbia, United States",2026-06-26_08-58-33
2026-06-26,NEW,Roadway Project Manager (P.E.),"Orlando, Florida, United States",2026-06-26_08-58-33
2026-06-26,NEW,Cost Estimator - Education Facilities,"Manhattan, New York, United States",2026-06-26_08-58-33
2026-06-26,NEW,Intermediate Level Software Engineer,"Nashua, New Hampshire, United States",2026-06-26_11-48-43
2026-06-26,NEW,Senior Wastewater Project Manager,"Holladay, Utah, United States",2026-06-26_11-48-43
2026-06-26,NEW,Florida Business Leader-Vertical PMCM,"Fort Lauderdale, Florida, United States",2026-06-26_11-48-43
2026-06-26,NEW,Software Engineer - Kubernetes,"Chantilly, Virginia, United States",2026-06-26_11-48-43
2026-06-26,NEW,Project Manager - Water Design Build,"San Francisco, California, United States",2026-06-26_11-48-43
2026-06-26,NEW,Structural Engineer - Civil Works,"Arlington, Virginia, United States",2026-06-26_11-48-43
2026-06-26,NEW,Sr Mechanical HVAC Engineer,"Conshohocken, Pennsylvania, United States",2026-06-26_11-48-43
2026-06-26,NEW,Design Build Transportation Design Manager,"Englewood, Colorado, United States",2026-06-26_11-48-43
2026-06-26,NEW,Civil Engineer,"Dallas, Texas, United States",2026-06-26_11-48-43
2026-07-03,NEW,Environmental Remediation Project Manager,"Houston, Texas, United States",2026-07-03_07-49-28
2026-07-03,NEW,Digital Delivery Application Developer (LSNA-OH),"Cincinnati, Ohio, United States",2026-07-03_07-49-28
2026-07-03,NEW,Environmental Geologist,"Houston, Texas, United States",2026-07-03_07-49-28
2026-07-03,NEW,Project HSE Supervisor (LSNA-PR),"Guaynabo, Puerto Rico, United States",2026-07-03_07-49-28
2026-07-03,NEW,Project Manager – Customer Owned Energy Systems,"Denver, Colorado, United States",2026-07-03_07-49-28
2026-07-03,NEW,Telecommunications & Security Systems/Information & Communications Technology (ICT) Designer (LSNA-PA/OH/IN/NC/VA/TX),"Conshohocken, Pennsylvania, United States",2026-07-03_07-49-28
2026-07-03,NEW,Environmental Characterization/Remediation Geologist/Hydrogeologist,"Irvine, California, United States",2026-07-03_07-49-28
2026-07-03,NEW,Mid-Level Environmental Engineer/Geologist/Scientist,"Kansas City, Missouri, United States",2026-07-03_07-49-28
2026-07-03,NEW,Intermediate-Level Mechanical Engineer - Cities & Places,"Houston, Texas, United States",2026-07-03_07-49-28
2026-07-03,NEW,Entry Level Electrical Engineer,"Philadelphia, Pennsylvania, United States",2026-07-03_07-49-28
2026-07-03,NEW,Mid-Level Environmental Engineer/Geologist/Scientist,"Troy, Michigan, United States",2026-07-03_07-49-28
2026-07-03,NEW,"Facilities Project Manager - Top Secret Clearance, CI Poly required.","Arlington, Virginia, United States",2026-07-03_07-49-28
2026-07-03,NEW,Mechanical Engineer (41402),"Chandler, Arizona, United States",2026-07-03_07-49-28
2026-07-03,NEW,Process-Mechanical Engineer,"Corvallis, Oregon, United States",2026-07-03_07-49-28
2026-07-03,NEW,"Administrative Specialist - San Marcos, CA","San Marcos, California, United States",2026-07-03_07-49-28
2026-07-03,NEW,Sanitation Worker II,"The Villages, Florida, United States",2026-07-03_07-49-28
2026-07-03,NEW,Mechanical Field Engineer (Baton Rouge Data Center),"Baton Rouge, Louisiana, United States",2026-07-03_07-49-28
2026-07-03,NEW,Mechanical Field Engineer (Spartanburg Data Center),"Spartanburg, South Carolina, United States",2026-07-03_07-49-28
2026-07-03,NEW,"Advanced Water Treatment Operator - Santa Cruz, CA","Santa Cruz, California, United States",2026-07-03_07-49-28
2026-07-03,NEW,Environmental Data Management Specialist III - EQuIS,"Anchorage, Alaska, United States",2026-07-03_07-49-28
2026-07-03,NEW,Environmental Engineer,"Anchorage, Alaska, United States",2026-07-03_07-49-28
2026-07-03,NEW,Environmental Project Manager,"Bourne, Massachusetts, United States",2026-07-03_07-49-28
2026-07-03,NEW,Mid-Level Environmental Engineer/Geologist/Scientist,"Knoxville, Tennessee, United States",2026-07-03_07-49-28
2026-07-03,NEW,Entry Level Water/Wastewater Engineer,"Cary, North Carolina, United States",2026-07-03_07-49-28
2026-07-03,NEW,Entry Level Structural Engineer,"Boston, Massachusetts, United States",2026-07-03_07-49-28
2026-07-03,NEW,Sanitation Worker II,"The Villages, Florida, United States",2026-07-03_07-49-28
2026-07-03,NEW,Piping Engineer,"Pittsburgh, Pennsylvania, United States",2026-07-03_07-49-28
2026-07-03,NEW,Life Safety Systems/Fire Alarm Engineer SME,"Philadelphia, Pennsylvania, United States",2026-07-03_07-49-28
2026-07-03,NEW,Expeditor (LSNA-PA/OH/NC/IN/TX/VA),"Conshohocken, Pennsylvania, United States",2026-07-03_07-49-28
2026-07-03,NEW,Senior Buyer (LSNA-PR/PA),"Guaynabo, Puerto Rico, United States",2026-07-03_07-49-28
2026-07-03,NEW,Project Manager/Project Architect - Cities & Places,"Las Vegas, Nevada, United States",2026-07-03_07-49-28
2026-07-03,NEW,Telecommunications & Security Systems Engineer (LSNA-PA/OH/IN/NC/TX/VA),"Conshohocken, Pennsylvania, United States",2026-07-03_07-49-28
2026-07-03,NEW,Structural Engineer (LSNA-PR),"Guaynabo, Puerto Rico, United States",2026-07-03_07-49-28
2026-07-03,NEW,Senior Electrical Designer,"Pittsburgh, Pennsylvania, United States",2026-07-03_07-49-28
2026-07-03,NEW,Entry Level Construction Manager,"Atlanta, Georgia, United States",2026-07-03_07-49-28
2026-07-03,NEW,Roadway Engineer / Project Manager,"Madison, Wisconsin, United States",2026-07-03_07-49-28
2026-07-03,NEW,Fire Protection Engineer,"Dallas, Texas, United States",2026-07-03_07-49-28
2026-07-03,NEW,Planner Scheduler - Hybrid (LSNA-IN/OH),"Indianapolis, Indiana, United States",2026-07-03_07-49-28
2026-07-03,NEW,Senior Structural Engineer (Civil Works) - Federal,"Houston, Texas, United States",2026-07-03_07-49-28
2026-07-03,NEW,Mid-Level Piping Designer - Remote/Hybrid (LSNA),"Conshohocken, Pennsylvania, United States",2026-07-03_07-49-28
2026-07-03,NEW,Sr Project Architect (Data Centers),"Philadelphia, Pennsylvania, United States",2026-07-03_07-49-28
2026-07-03,NEW,Senior Piping Designer - Remote (LSNA),"Conshohocken, Pennsylvania, United States",2026-07-03_07-49-28
2026-07-03,NEW,EPCM Project Director,"Greenville, South Carolina, United States",2026-07-03_07-49-28
2026-07-03,NEW,"Wastewater Operator - Gresham, OR (all levels welcome to apply)","Portland, Oregon, United States",2026-07-03_07-49-28
2026-07-03,NEW,"Wastewater Operations Supervisor - Vancouver, WA","Vancouver, Washington, United States",2026-07-03_07-49-28
2026-07-03,NEW,Project Manager - Water Design Build,"Gainesville, Florida, United States",2026-07-03_07-49-28
2026-07-03,NEW,Commissioning Specialist,"Arlington, Virginia, United States",2026-07-03_07-49-28
2026-07-03,NEW,Software Engineer,"Chantilly, Virginia, United States",2026-07-03_07-49-28
2026-07-03,NEW,Senior Planner Scheduler (LSNA-VA-1),"Cary, North Carolina, United States",2026-07-03_07-49-28
2026-07-03,NEW,"Industrial Assembly Facilities Professionals: PMs, Arch & Engineers (Civil, Structural, Mechanical, Electrical)","Newport News, Virginia, United States",2026-07-03_07-49-28
2026-07-03,NEW,Associate Level Test Engineer,"Nashua, New Hampshire, United States",2026-07-03_07-49-28
2026-07-03,NEW,Construction Engineer,"Chicago, Illinois, United States",2026-07-03_07-49-28
2026-07-03,NEW,Construction Engineer,"Chicago, Illinois, United States",2026-07-03_07-49-28
2026-07-03,NEW,Mid-Level Mechanical Designer (LSNA-US Remote),"Conshohocken, Pennsylvania, United States",2026-07-03_07-49-28
2026-07-03,NEW,Senior Electrical Engineer - Federal,"Greenville, South Carolina, United States",2026-07-03_07-49-28
2026-07-03,NEW,Digital Delivery Lead - Federal,"Kansas City, Missouri, United States",2026-07-03_07-49-28
2026-07-03,NEW,Civil Engineer,"Corvallis, Oregon, United States",2026-07-03_07-49-28
2026-07-03,NEW,Mid-Level Plumbing Designer - Remote/Hybrid (LSNA-IN/OH/PA/NC),"Indianapolis, Indiana, United States",2026-07-03_07-49-28
2026-07-03,NEW,Senior Wastewater Process Engineer,"Nashville, Tennessee, United States",2026-07-03_07-49-28
2026-07-03,NEW,Water Resources Project Manager,"Omaha, Nebraska, United States",2026-07-03_07-49-28
2026-07-03,NEW,Water/Wastewater Project Manager,"Henderson, Nevada, United States",2026-07-03_07-49-28
2026-07-03,NEW,"Operator-in-Training (Water Treatment) - Bear Creek, GA","Atlanta, Georgia, United States",2026-07-03_07-49-28
2026-07-03,NEW,Sr Digital Delivery Coordinator (Data Centers),"Dallas, Texas, United States",2026-07-03_07-49-28
2026-07-03,NEW,Construction Manager/Resident Engineer - Transportation,"Irvine, California, United States",2026-07-03_07-49-28
2026-07-03,NEW,Entry Level CAD Technician - Water/Wastewater,"Milwaukee, Wisconsin, United States",2026-07-03_07-49-28
2026-07-03,NEW,Wastewater Project Manager,"Portland, Oregon, United States",2026-07-03_07-49-28
2026-07-03,NEW,Southeast Ecology Team Lead,"Atlanta, Georgia, United States",2026-07-03_07-49-28
2026-07-03,NEW,Structural Discipline Lead - Design Build (Water/Wastewater),"Columbus, Ohio, United States",2026-07-03_07-49-28
2026-07-03,NEW,Site/Civil Discipline Lead - Design Build (Water/Wastewater),"Columbus, Ohio, United States",2026-07-03_07-49-28
2026-07-03,NEW,Process Mechanical Discipline Lead - Design Build (Water/Wastewater),"Columbus, Ohio, United States",2026-07-03_07-49-28
2026-07-03,NEW,Electrical Discipline Lead - Design Build (Water/Wastewater),"Columbus, Ohio, United States",2026-07-03_07-49-28
2026-07-03,NEW,CAD Technician - Water/Wastewater,"Milwaukee, Wisconsin, United States",2026-07-03_07-49-28
2026-07-03,NEW,Senior Automation Design Engineer (LSNA-PA/OH/IN/NC),"Conshohocken, Pennsylvania, United States",2026-07-03_07-49-28
2026-07-03,NEW,"Professional Land Surveyor - Bellevue, WA","Bellevue, Washington, United States",2026-07-03_07-49-28
2026-07-03,NEW,Geospatial Project Manager - Hawaii,"Honolulu, Hawaii, United States",2026-07-03_07-49-28
2026-07-03,NEW,"Geospatial Project Manager - Portland, OR","Portland, Oregon, United States",2026-07-03_07-49-28
2026-07-03,NEW,"Geospatial Project Manager - Bellevue, WA","Bellevue, Washington, United States",2026-07-03_07-49-28
2026-07-03,NEW,Survey Technician - Hawaii,"Honolulu, Hawaii, United States",2026-07-03_07-49-28
2026-07-03,NEW,"Survey Technician - Portland, OR","Portland, Oregon, United States",2026-07-03_07-49-28
2026-07-03,NEW,"Survey Technician - Bellevue, WA","Bellevue, Washington, United States",2026-07-03_07-49-28
2026-07-03,NEW,Electrical Engineer,"Orlando, Florida, United States",2026-07-03_07-49-28
2026-07-03,NEW,Design Project Manager - Federal,"Arlington, Virginia, United States",2026-07-03_07-49-28
2026-07-03,NEW,Senior Planner / Scheduler (LSNA-TX),"Houston, Texas, United States",2026-07-03_07-49-28
2026-07-03,NEW,C-17 Pilot Subject Matter Expert,"Nashua, New Hampshire, United States",2026-07-03_07-49-28
2026-07-03,NEW,Water Conveyance Project Manager,"Bellevue, Washington, United States",2026-07-03_07-49-28
2026-07-03,NEW,Instrumentation & Controls BIM designer (36995),"Portland, Oregon, United States",2026-07-03_07-49-28
2026-07-03,NEW,Instrumentation & Controls BIM designer (36994),"Tempe, Arizona, United States",2026-07-03_07-49-28
2026-07-03,NEW,Civil Engineer - Federal,"Boston, Massachusetts, United States",2026-07-03_07-49-28
2026-07-03,NEW,Senior Civil Engineer - Federal,"Boston, Massachusetts, United States",2026-07-03_07-49-28
2026-07-03,NEW,Senior Civil Engineer - Federal,"Arlington, Virginia, United States",2026-07-03_07-49-28
2026-07-03,NEW,Civil Engineer - Federal,"Arlington, Virginia, United States",2026-07-03_07-49-28
2026-07-03,NEW,Structural Engineer (Data Center) 36947,"Portland, Oregon, United States",2026-07-03_07-49-28
2026-07-03,NEW,"Power Plant Construction Site Manager – Electrical, Instrumentation and Controls Trades","Denver, Colorado, United States",2026-07-03_07-49-28
2026-07-03,NEW,Project Engineer - Buildings,"Los Angeles, California, United States",2026-07-03_07-49-28
2026-07-03,NEW,Senior Transportation Project Manager,"Honolulu, Hawaii, United States",2026-07-03_07-49-28
2026-07-03,NEW,Senior Project Manager (Water/Wastewater),"Chattanooga, Tennessee, United States",2026-07-03_07-49-28
2026-07-03,NEW,Senior CEI Project Engineer,"Jacksonville, Florida, United States",2026-07-03_07-49-28
2026-07-03,NEW,"Senior Consultant – Gas Turbine/O&M, Power Generation","Fort Worth, Texas, United States",2026-07-03_07-49-28
2026-07-03,NEW,Project Manager - Undergrounding Program (Chico Area),"Redding, California, United States",2026-07-03_07-49-28
2026-07-03,NEW,Senior Project Architect - SoCal CA,"San Diego, California, United States",2026-07-03_07-49-28
2026-07-03,NEW,Resident Engineer- Water and Wastewater,"New York, New York, United States",2026-07-03_07-49-28
2026-07-03,NEW,Senior Project Manager - Water/Wastewater,"New York, New York, United States",2026-07-03_07-49-28
2026-07-03,NEW,Water Resources Engineer - Transportation,"Baltimore, Maryland, United States",2026-07-03_07-49-28
2026-07-03,NEW,Senior Ports Civil Engineer,"New York, New York, United States",2026-07-03_07-49-28
2026-07-03,NEW,"Senior Systems Engineer / Network Engineer (Micro Focus NA & NNMi, OpenText)","Chantilly, Virginia, United States",2026-07-03_07-49-28
2026-07-03,NEW,Network Engineer,"Chantilly, Virginia, United States",2026-07-03_07-49-28
2026-07-03,NEW,Network Engineer,"Denver, Colorado, United States",2026-07-03_07-49-28
2026-07-03,NEW,Junior Civil Engineer - Federal,"Irvine, California, United States",2026-07-03_07-49-28
2026-07-03,NEW,Design Project Manager - Federal,"Honolulu, Hawaii, United States",2026-07-03_07-49-28
2026-07-09,NEW,Project Manager: Electrical Transmission & Distribution (EPC) (Bay Area),"Oakland, California, United States",2026-07-09_09-17-48
2026-07-09,NEW,Sr Mechanical HVAC Engineer (Data Centers),"Philadelphia, Pennsylvania, United States",2026-07-09_09-17-48
2026-07-09,NEW,Drinking Water & Reuse Project Manager,"Irvine, California, United States",2026-07-09_09-17-48
2026-07-09,NEW,Senior Mechanical Engineer,"Philadelphia, Pennsylvania, United States",2026-07-09_09-17-48
2026-07-09,NEW,Junior Architectural Designer,"St. Louis, Missouri, United States",2026-07-09_09-17-48
2026-07-09,NEW,Project Administrative Assistant,"Austin, Texas, United States",2026-07-09_09-17-48
2026-07-09,NEW,Structural Engineer - Ports and Maritime,"Bellevue, Washington, United States",2026-07-09_09-17-48
2026-07-09,NEW,Area Construction Manager (LSNA-NC),"Cary, North Carolina, United States",2026-07-09_09-17-48
2026-07-09,NEW,Field Material Controller,"Saint Francisville, Louisiana, United States",2026-07-09_09-17-48
2026-07-09,NEW,Senior Water Technical Specialist,"Atlanta, Georgia, United States",2026-07-09_09-17-48
2026-07-09,NEW,Construction Project Engineer III (Data Centers),"Greenville, South Carolina, United States",2026-07-09_09-17-48
2026-07-09,NEW,Construction Project Engineer II (Data Centers),"Greenville, South Carolina, United States",2026-07-09_09-17-48
2026-07-09,NEW,Subcontracts Administrator-Intermediate,"Greenville, South Carolina, United States",2026-07-09_09-17-48
2026-07-09,NEW,Interior Principal – Client Service Leader,"St. Louis, Missouri, United States",2026-07-09_09-17-48
2026-07-09,NEW,Document Control Professional,"Denver, Colorado, United States",2026-07-09_09-17-48
2026-07-09,NEW,Senior Bridge Project Manager / Transportation Practice Builder,"Holladay, Utah, United States",2026-07-09_09-17-48
2026-07-09,NEW,Water Resource Recovery (Wastewater) Process Engineer,"Irvine, California, United States",2026-07-09_09-17-48
2026-07-09,NEW,Fire Protection Engineer - Federal,"Arlington, Virginia, United States",2026-07-09_09-17-48
2026-07-09,NEW,"Water Treatment Assistant Project Manager - Jackson, MS","Jackson, Mississippi, United States",2026-07-09_09-17-48
2026-07-09,NEW,Commercial Manager,"New York, New York, United States",2026-07-09_09-17-48
2026-07-09,NEW,Sr Mechanical HVAC Engineer (Data Centers),"Philadelphia, Pennsylvania, United States",2026-07-09_09-17-48
2026-07-09,NEW,Civil Engineering Professional,"Bellevue, Washington, United States",2026-07-09_09-17-48
2026-07-09,NEW,Wastewater Treatment Engineer,"Honolulu, Hawaii, United States",2026-07-09_09-17-48
2026-07-09,NEW,Senior Hydraulic Modeler,"Holladay, Utah, United States",2026-07-09_09-17-48
2026-07-09,NEW,Office Engineer - NYCDEP,"New York, New York, United States",2026-07-09_09-17-48
2026-07-09,NEW,Airfield Design Engineer Professional Associate Level,"Bellevue, Washington, United States",2026-07-09_09-17-48
2026-07-09,NEW,Highway Engineering Professional,"Bellevue, Washington, United States",2026-07-09_09-17-48
2026-07-09,NEW,E & I Superintendent (Data Centers),"Corpus Christi, Texas, United States",2026-07-09_09-17-48
2026-07-09,NEW,Rigging Superintendent (Data Centers),"Corpus Christi, Texas, United States",2026-07-09_09-17-48
2026-07-09,NEW,Mechanical Superintendent (Data Centers),"Corpus Christi, Texas, United States",2026-07-09_09-17-48
2026-07-09,NEW,Highway Design Engineer,"Nashville, Tennessee, United States",2026-07-09_09-17-48
2026-07-09,NEW,Project Manager - Advanced Technology Facilities,"Syracuse, New York, United States",2026-07-09_09-17-48
2026-07-09,NEW,CEI Senior Inspector,"Miami, Florida, United States",2026-07-09_09-17-48
2026-07-09,NEW,Assistant Project Manager - Advanced Technology Facilities,"Syracuse, New York, United States",2026-07-09_09-17-48
2026-07-09,NEW,"Thermal Generation Development Project Manager (TX, MN, CO)","Denver, Colorado, United States",2026-07-09_09-17-48
2026-07-09,NEW,"Municipal Water Conveyance Leader – Dallas, TX","Dallas, Texas, United States",2026-07-09_09-17-48
2026-07-09,NEW,Structural Engineering Professional,"Hillsboro, Oregon, United States",2026-07-09_09-17-48
2026-07-09,NEW,Architectural Design Technician,"Boise, Idaho, United States",2026-07-09_09-17-48
2026-07-09,NEW,Structural Design Technician,"Hillsboro, Oregon, United States",2026-07-09_09-17-48
2026-07-09,NEW,Instrumentation & Fire Alarm Engineer,"Boise, Idaho, United States",2026-07-09_09-17-48
2026-07-09,NEW,Sr. Construction Manager - Healthcare Buildings,"Austin, Texas, United States",2026-07-09_09-17-48
2026-07-09,NEW,North America Geothermal Project Engineer,"Denver, Colorado, United States",2026-07-09_09-17-48
2026-07-09,NEW,BIM Lead - Architectural Designer BIM/CADD,"Boise, Idaho, United States",2026-07-09_09-17-48
2026-07-09,NEW,Architectural BIM/CADD Designer,"Dallas, Texas, United States",2026-07-09_09-17-48
2026-07-09,NEW,Civil Engineer - Federal,"Honolulu, Hawaii, United States",2026-07-09_09-17-48
2026-07-09,NEW,North America Geothermal Project Engineer,"Calgary, Alberta, Canada",2026-07-09_09-17-48
2026-07-09,NEW,Mechanical HVAC Engineer SME - AI Data Centers,"Greenville, South Carolina, United States",2026-07-09_09-17-48
2026-07-09,NEW,"Construction Superintendent (Fishkill, NY)","Beacon, New York, United States",2026-07-09_09-17-48
2026-07-09,NEW,Computational Fluid Dynamics Engineer (39369),"Portland, Oregon, United States",2026-07-09_09-17-48
2026-07-09,NEW,Electrical Engineer SME - AI Data Centers,"Greenville, South Carolina, United States",2026-07-09_09-17-48
2026-07-09,NEW,Project Engineer - Construction,"Rochester, New York, United States",2026-07-09_09-17-48
2026-07-09,NEW,Defense Contractors Client Account Manager,"Arlington, Virginia, United States",2026-07-09_09-17-48
2026-07-09,NEW,Roadway Design Engineer,"Portland, Oregon, United States",2026-07-09_09-17-48
2026-07-09,NEW,Senior Electrical Engineer – Aviation,"New York, New York, United States",2026-07-09_09-17-48
2026-07-09,NEW,Project Controls Analyst (Rocklin/Chico Area),"Redding, California, United States",2026-07-09_09-17-48
2026-07-09,NEW,Senior Project Controls Analyst (Rocklin/Chico Area),"Redding, California, United States",2026-07-09_09-17-48
2026-07-09,NEW,Design Project Manager - Federal,"Boston, Massachusetts, United States",2026-07-09_09-17-48
2026-07-09,NEW,Senior Planner/Scheduler – Upper Mid-West USA,"Detroit, Michigan, United States",2026-07-09_09-17-48
2026-07-09,NEW,Senior Project Manager - Buildings,"Syracuse, New York, United States",2026-07-09_09-17-48
2026-07-09,NEW,Wisconsin Water - Market Growth Leader,"Milwaukee, Wisconsin, United States",2026-07-09_09-17-48
2026-07-09,NEW,"Wastewater Collection Systems Engineer / Project Manager - Hoboken, NJ","Hoboken, New Jersey, United States",2026-07-09_09-17-48
2026-07-09,NEW,Project Manager - Construction,"Albany, New York, United States",2026-07-09_09-17-48
2026-07-09,NEW,Maui Civil Engineering Project Manager,"Honolulu, Hawaii, United States",2026-07-09_09-17-48
2026-07-09,NEW,Water/Wastewater Project Manager,"Cleveland, Ohio, United States",2026-07-09_09-17-48
2026-07-09,NEW,CEI Inspector - Daytona Beach,"Orlando, Florida, United States",2026-07-09_09-17-48
2026-07-09,NEW,Substation Project Engineer,"Denver, Colorado, United States",2026-07-09_09-17-48
2026-07-09,NEW,Environmental Remediation Geologist,"Boise, Idaho, United States",2026-07-09_09-17-48
2026-07-09,NEW,Professional Land Surveyor - Hawaii,"Honolulu, Hawaii, United States",2026-07-09_09-17-48
2026-07-09,NEW,"Professional Land Surveyor - Portland, OR","Portland, Oregon, United States",2026-07-09_09-17-48
2026-07-09,NEW,Resident Project Representative (RPR) - Water/Wastewater,"St. Louis, Missouri, United States",2026-07-09_09-17-48
2026-07-09,NEW,Roadway Engineer,"Baltimore, Maryland, United States",2026-07-09_09-17-48
2026-07-09,NEW,Sr. Project Manager- Healthcare,"Los Angeles, California, United States",2026-07-09_09-17-48
2026-07-09,NEW,Sediment Design Engineer,"Seattle, Washington, United States",2026-07-09_09-17-48
2026-07-09,NEW,Design Build Transportation Design Manager,"Austin, Texas, United States",2026-07-09_09-17-48
2026-07-09,NEW,Civil Engineer - Federal,"Dallas, Texas, United States",2026-07-09_09-17-48
2026-07-09,NEW,Sr. Electrical Engineer,"Columbus, Ohio, United States",2026-07-09_09-17-48
2026-07-09,NEW,Resident Engineer,"Wethersfield, Connecticut, United States",2026-07-09_09-17-48
2026-07-09,NEW,Project Manager - Water/Wastewater,"Hampton, Virginia, United States",2026-07-09_09-17-48
2026-07-09,NEW,Structural Engineer,"Reston, Virginia, United States",2026-07-09_09-17-48
2026-07-09,NEW,Sr. Project Manager,"Cleveland, Ohio, United States",2026-07-09_09-17-48
2026-07-09,NEW,Project Manager - Water,"St. Louis, Missouri, United States",2026-07-09_09-17-48
2026-07-13,NEW,Structural Engineer,"Bellevue, Washington, United States",2026-07-13_10-08-39
2026-07-13,NEW,Senior Building Mechanical Engineer,"Denver, Colorado, United States",2026-07-13_10-08-39
2026-07-13,NEW,Building Mechanical Engineer,"Denver, Colorado, United States",2026-07-13_10-08-39
2026-07-13,NEW,Manager of Construction (Data Centers),"Philadelphia, Pennsylvania, United States",2026-07-13_10-08-39
2026-07-13,NEW,Electrical Superintendent - Design Build,"Torrance, California, United States",2026-07-13_10-08-39
2026-07-13,NEW,Roadway Project Manager - FDOT (PE),"Orlando, Florida, United States",2026-07-13_10-08-39
2026-07-13,NEW,Project Design Manager,"Davie, Florida, United States",2026-07-13_10-08-39
2026-07-13,NEW,Transportation Market Leader - Highway/Roadway,"Wethersfield, Connecticut, United States",2026-07-13_10-08-39
2026-07-13,NEW,Project Manager - Construction,"Poughkeepsie, New York, United States",2026-07-13_10-08-39
2026-07-13,NEW,Mechanical Construction Manager,"Saint Francisville, Louisiana, United States",2026-07-13_10-08-39
2026-07-13,NEW,Network Engineer,"Chantilly, Virginia, United States",2026-07-13_10-08-39
2026-07-13,NEW,Facilities Support Professional / Receptionist,"Houston, Texas, United States",2026-07-13_10-08-39
2026-07-13,NEW,Lead Facilities Plant Operator,"Little Rock, Arkansas, United States",2026-07-13_10-08-39
2026-07-13,NEW,Design Architect (41647),"Pittsburgh, Pennsylvania, United States",2026-07-13_10-08-39
2026-07-13,NEW,Design Architect (41646),"Pittsburgh, Pennsylvania, United States",2026-07-13_10-08-39
2026-07-13,NEW,Design Architect (41645),"Pittsburgh, Pennsylvania, United States",2026-07-13_10-08-39
2026-07-13,NEW,Architectural Designer (41642),"Portland, Oregon, United States",2026-07-13_10-08-39
2026-07-13,NEW,Lead Transportation Drainage Engineer,"Nashville, Tennessee, United States",2026-07-13_10-08-39
2026-07-13,NEW,Lead Utility Engineer or Coordinator,"Nashville, Tennessee, United States",2026-07-13_10-08-39
2026-07-13,NEW,"Operations Supervisor- Winter Park, CO","Denver, Colorado, United States",2026-07-13_10-08-39
2026-07-13,NEW,BIM/VDC Coordinator - Data Centers,"Dallas, Texas, United States",2026-07-13_10-08-39
2026-07-13,NEW,Quality Assurance Manager - Construction (TS/SCI poly required),"Arlington, Virginia, United States",2026-07-13_10-08-39
2026-07-13,NEW,Small Work Project Coordinator,"Bellevue, Washington, United States",2026-07-13_10-08-39
2026-07-13,NEW,Environmental Remediation Project Manager,"Spokane, Washington, United States",2026-07-13_10-08-39
2026-07-13,NEW,Administrative Assistant,"Chicago, Illinois, United States",2026-07-13_10-08-39
2026-07-13,NEW,Structural Bridge Engineer,"Reston, Virginia, United States",2026-07-13_10-08-39
2026-07-13,NEW,Junior Level Bridge Engineer,"Bellevue, Washington, United States",2026-07-13_10-08-39
2026-07-13,NEW,Air Quality Consultant,"Philadelphia, Pennsylvania, United States",2026-07-13_10-08-39
2026-07-13,NEW,Electrical Group Lead,"Tempe, Arizona, United States",2026-07-13_10-08-39
2026-07-13,NEW,Project Engineer (LSNA-NC),"Cary, North Carolina, United States",2026-07-13_10-08-39
2026-07-13,NEW,Lead Construction Inspector - Water/ Wastewater,"Seattle, Washington, United States",2026-07-13_10-08-39
2026-07-13,NEW,Director of Projects: Energy and Power,"Fort Worth, Texas, United States",2026-07-13_10-08-39
2026-07-13,NEW,Navy Portfolio Manager of Projects (MOP),"Arlington, Virginia, United States",2026-07-13_10-08-39
2026-07-13,NEW,"Design Oversite Manager (Operations) - Ocoee, FL","Ocoee, Florida, United States",2026-07-13_10-08-39
2026-07-13,NEW,Superintendent/Inspector - Advanced Technology Facilities,"Syracuse, New York, United States",2026-07-13_10-08-39
2026-07-13,NEW,Utilities Coordination Engineer,"Chicago, Illinois, United States",2026-07-13_10-08-39
2026-07-13,NEW,Project Engineer - Water/Wastewater,"Wethersfield, Connecticut, United States",2026-07-13_10-08-39
2026-07-13,NEW,"Drinking Water Operator II - Renton, WA","Renton, Washington, United States",2026-07-13_10-08-39
2026-07-13,NEW,Electrical Construction Technical Services Specialist,"Baton Rouge, Louisiana, United States",2026-07-13_10-08-39
2026-07-13,NEW,Highway/Bridge Project Manager,"Philadelphia, Pennsylvania, United States",2026-07-13_10-08-39
2026-07-13,NEW,Aerospace Software Engineer,"Chantilly, Virginia, United States",2026-07-13_10-08-39
2026-07-13,NEW,"Proposal Manager, Geographic Sales Operations - CA US","Irvine, California, United States",2026-07-13_10-08-39
2026-07-13,NEW,Design Manager - Water/Wastewater,"Boston, Massachusetts, United States",2026-07-13_10-08-39
2026-07-13,NEW,Senior Project Manager - Water/Wastewater,"Boston, Massachusetts, United States",2026-07-13_10-08-39
2026-07-13,NEW,Preconstruction Sr Director (Data Centers),"Greenville, South Carolina, United States",2026-07-13_10-08-39
2026-07-13,NEW,"Project Manager – Transmission, Distribution, and Substation (Pacific NW)","Seattle, Washington, United States",2026-07-13_10-08-39
2026-07-13,NEW,Assistant Project Manager – Baggage Handling Systems,"Chicago, Illinois, United States",2026-07-13_10-08-39
2026-07-13,NEW,Commissioning Specialist,"Boston, Massachusetts, United States",2026-07-13_10-08-39
2026-07-13,NEW,Entry Level Civil Engineer - FED/ARL,"Arlington, Virginia, United States",2026-07-13_10-08-39
2026-07-13,NEW,Career Level Systems Engineer,"Nashua, New Hampshire, United States",2026-07-13_10-08-39
2026-07-13,NEW,Florida Business Leader-Vertical PMCM,"Tampa, Florida, United States",2026-07-13_10-08-39
2026-07-13,NEW,Florida Business Leader-Vertical PMCM,"Orlando, Florida, United States",2026-07-13_10-08-39
2026-07-13,NEW,Senior Electrical Engineer - Cities & Places,"Boise, Idaho, United States",2026-07-13_10-08-39
2026-07-13,NEW,Area Mining & Heavy Industry Lead,"Tempe, Arizona, United States",2026-07-13_10-08-39
2026-07-13,NEW,Senior Engineer Diver/Project Manager,"New York, New York, United States",2026-07-13_10-08-39
2026-07-13,NEW,Senior Drinking Water Treatment Technologist,"Fort Lauderdale, Florida, United States",2026-07-13_10-08-39
2026-07-13,NEW,Design Project Manager - Federal,"Boise, Idaho, United States",2026-07-13_10-08-39
2026-07-13,NEW,Project Manager: Electrical Transmission & Distribution (EPC) (Redding),"Redding, California, United States",2026-07-13_10-08-39
2026-07-13,NEW,Senior Project Manager: Electrical Transmission & Distribution (EPC) (Redding),"Redding, California, United States",2026-07-13_10-08-39
2026-07-13,NEW,Project Manager: Electrical Transmission & Distribution (EPC) (Sacramento/Rocklin),"Sacramento, California, United States",2026-07-13_10-08-39
2026-07-13,NEW,Senior Project Manager: Electrical Transmission & Distribution (EPC) (Sacramento/Rocklin Area),"Sacramento, California, United States",2026-07-13_10-08-39
2026-07-13,NEW,Senior I&C Project/Portfolio Manager,"Fayetteville, Arkansas, United States",2026-07-13_10-08-39
2026-07-13,NEW,Maintenance Mechanic - Baton Rouge (North Plant),"Baton Rouge, Louisiana, United States",2026-07-13_10-08-39
2026-07-13,NEW,CSA Quality Lead (LSNA-PR),"Guaynabo, Puerto Rico, United States",2026-07-13_10-08-39
2026-07-13,NEW,Construction Manager,"Richmond, Virginia, United States",2026-07-13_10-08-39
2026-07-13,NEW,Senior Project Manager: Electrical Transmission & Distribution (EPC) (Bay Area),"Oakland, California, United States",2026-07-13_10-08-39
2026-07-13,NEW,Mid-Level Site Civil Engineer (Cities & Places),"Boise, Idaho, United States",2026-07-13_10-08-39
2026-07-13,NEW,Senior Structural Engineer – Substation,"Chattanooga, Tennessee, United States",2026-07-13_10-08-39
2026-07-13,NEW,Sr Structural Engineer (Data Center),"Dallas, Texas, United States",2026-07-13_10-08-39
2026-07-13,NEW,Senior Water Project Manager,"Oklahoma City, Oklahoma, United States",2026-07-13_10-08-39
2026-07-13,NEW,Ports & Maritime Senior Project Manager,"Cape Canaveral, Florida, United States",2026-07-13_10-08-39
2026-07-13,NEW,Federal DoW PM/CM Growth and Delivery Lead,"Arlington, Virginia, United States",2026-07-13_10-08-39
2026-07-13,NEW,Senior Water Market Project Manager,"Honolulu, Hawaii, United States",2026-07-13_10-08-39
2026-07-13,NEW,Administrative Assistant - Design & Construction,"Albany, New York, United States",2026-07-13_10-08-39
2026-07-13,NEW,Mechanical Engineer - Energy & Power,"Denver, Colorado, United States",2026-07-13_10-08-39
2026-07-13,NEW,Senior Electrical Engineer (power/PE),"Orlando, Florida, United States",2026-07-13_10-08-39
2026-07-13,NEW,System Integrator/Gas Cabinet Monitoring Systems (GCMS),"Santa Clara, California, United States",2026-07-13_10-08-39
2026-07-13,NEW,"Instrumentation and Controls Technician - El Segundo, CA","Los Angeles, California, United States",2026-07-13_10-08-39
2026-07-17,NEW,Site Construction Manager,"Chandler, Arizona, United States",2026-07-17_10-20-26
2026-07-17,NEW,Senior Biologist,"San Diego, California, United States",2026-07-17_10-20-26
2026-07-17,NEW,Project Controls Professional,"Corvallis, Oregon, United States",2026-07-17_10-20-26
2026-07-17,NEW,Texas Transportation Municipal Client Account Manager,"Dallas, Texas, United States",2026-07-17_10-20-26
2026-07-17,NEW,Utility Transmission Planning Manager,"Boston, Massachusetts, United States",2026-07-17_10-20-26
2026-07-17,NEW,Electrical Engineer,"Bellevue, Washington, United States",2026-07-17_10-20-26
2026-07-17,NEW,Entry Level Water/Wastewater Engineer,"Chattanooga, Tennessee, United States",2026-07-17_10-20-26
2026-07-17,NEW,Senior Electrical Engineer,"Bellevue, Washington, United States",2026-07-17_10-20-26
2026-07-17,NEW,Senior Project Manager (Transportation Design),"Atlanta, Georgia, United States",2026-07-17_10-20-26
2026-07-17,NEW,Talent Acquisition Professional (Energy & Power),"Cary, North Carolina, United States",2026-07-17_10-20-26
2026-07-17,NEW,Light Equip Op-Sanitation,"The Villages, Florida, United States",2026-07-17_10-20-26
2026-07-17,NEW,Light Equip Op-Sanitation,"The Villages, Florida, United States",2026-07-17_10-20-26
2026-07-17,NEW,Light Equip Op-Sanitation,"The Villages, Florida, United States",2026-07-17_10-20-26
2026-07-17,NEW,Principal Overhead Transmission Line Engineer,"Denver, Colorado, United States",2026-07-17_10-20-26
2026-07-17,NEW,Water/Wastewater Engineer,"Silver Spring, Maryland, United States",2026-07-17_10-20-26
2026-07-17,NEW,Purchasing Professional Associate,"Pensacola, Florida, United States",2026-07-17_10-20-26
2026-07-17,NEW,Survey Party Chief,"Denver, Colorado, United States",2026-07-17_10-20-26
2026-07-17,NEW,Planner/Scheduler - Denver CO,"Denver, Colorado, United States",2026-07-17_10-20-26
2026-07-17,NEW,Design Project Manager - Federal,"Orlando, Florida, United States",2026-07-17_10-20-26
2026-07-17,NEW,Federal Railroad Administration (FRA) Program Manager,"Tempe, Arizona, United States",2026-07-17_10-20-26
2026-07-17,NEW,Project Manager PM/CM,"West Palm Beach, Florida, United States",2026-07-17_10-20-26
2026-07-17,NEW,On-Call Staff Archaeologist,"Washington, District of Columbia, United States",2026-07-17_10-20-26
2026-07-17,NEW,Architect-Associate (Data Centers),"Philadelphia, Pennsylvania, United States",2026-07-17_10-20-26
2026-07-17,NEW,Entry Level Engineer (Water/Wastewater),"Montgomery, Alabama, United States",2026-07-17_10-20-26
2026-07-17,NEW,"Principal Geotechnical Engineer – Tunnels, Dams & Mega Infrastructure","Miami, Florida, United States",2026-07-17_10-20-26
2026-07-17,NEW,Senior Consultant – Energy Solutions Advisory,"Denver, Colorado, United States",2026-07-17_10-20-26
2026-07-17,NEW,Mid-Career Irrigation Engineer,"Boise, Idaho, United States",2026-07-17_10-20-26
2026-07-17,NEW,Mid-Career Hydrogeologist,"Boise, Idaho, United States",2026-07-17_10-20-26
2026-07-17,NEW,EPC Telecommunications Engineer (PE Required),"San Francisco, California, United States",2026-07-17_10-20-26
2026-07-17,NEW,Electrical Engineer – Water/Wastewater,"Austin, Texas, United States",2026-07-17_10-20-26
2026-07-17,NEW,Revit Applications Specialist (BIM/Digital Delivery) - (LSNA-OH/NC/PA/IN/VA/TX),"Cincinnati, Ohio, United States",2026-07-17_10-20-26
2026-07-17,NEW,"Water/Wastewater Mechanic I - Lincoln, CA","Lincoln, California, United States",2026-07-17_10-20-26
2026-07-17,NEW,Sr Safety Manager,"Corpus Christi, Texas, United States",2026-07-17_10-20-26
2026-07-17,NEW,Senior Buyer (LSNA-PA/NC),"Conshohocken, Pennsylvania, United States",2026-07-17_10-20-26
2026-07-17,NEW,Planner/Scheduler - Atlanta GA,"Atlanta, Georgia, United States",2026-07-17_10-20-26
2026-07-17,NEW,CPSO/Facility Security Officer,"Chantilly, Virginia, United States",2026-07-17_10-20-26
2026-07-17,NEW,Information System Security Officer,"Chantilly, Virginia, United States",2026-07-17_10-20-26
2026-07-17,NEW,Senior Air Quality Consultant,"Reston, Virginia, United States",2026-07-17_10-20-26
2026-07-17,NEW,Civil Designer (LSNA-OH/NC/IN/PA),"Cincinnati, Ohio, United States",2026-07-17_10-20-26
2026-07-17,NEW,Transportation Design Engineer,"Boise, Idaho, United States",2026-07-17_10-20-26
2026-07-17,NEW,Senior Geotechnical Engineer,"Bellevue, Washington, United States",2026-07-17_10-20-26
2026-07-17,NEW,Senior Geotechnical Engineer,"Portland, Oregon, United States",2026-07-17_10-20-26
2026-07-17,NEW,Senior Geotechnical Engineer,"Anchorage, Alaska, United States",2026-07-17_10-20-26
2026-07-17,NEW,Project Controls Analyst (Bay Area),"Oakland, California, United States",2026-07-17_10-20-26
2026-07-17,NEW,Senior Architect - Federal (TS/SCI),"Arlington, Virginia, United States",2026-07-17_10-20-26
2026-07-17,NEW,Process Mechanical CAD Design Technician,"Denver, Colorado, United States",2026-07-17_10-20-26
2026-07-17,NEW,Bridge Engineer,"Boise, Idaho, United States",2026-07-17_10-20-26
2026-07-17,NEW,Civil Engineer - Federal,"Denver, Colorado, United States",2026-07-17_10-20-26
2026-07-17,NEW,Senior Bridge Engineer,"Columbus, Ohio, United States",2026-07-17_10-20-26
2026-07-17,NEW,Junior Civil Design Technician,"Holladay, Utah, United States",2026-07-17_10-20-26
2026-07-17,NEW,Mid-Level Linux Software Engineer,"Rockville, Maryland, United States",2026-07-17_10-20-26
2026-07-17,NEW,Civil CAD Design Technician,"Denver, Colorado, United States",2026-07-17_10-20-26
2026-07-17,NEW,Project HSE Coordinator (Data Centers),"Saint Francisville, Louisiana, United States",2026-07-17_10-20-26
2026-07-17,NEW,HSE Specialist – (Data Centers),"Baton Rouge, Louisiana, United States",2026-07-17_10-20-26
2026-07-17,NEW,Senior Lab Planner / Project Architect,"San Diego, California, United States",2026-07-17_10-20-26
2026-07-17,NEW,Architectural Group Leader – Federal & Pacific Markets,"Honolulu, Hawaii, United States",2026-07-17_10-20-26
2026-07-17,NEW,Mechanical HVAC Engineer (Data Center 2/3/4),"Portland, Oregon, United States",2026-07-17_10-20-26
2026-07-17,NEW,Structural Engineer (Associate Level),"Philadelphia, Pennsylvania, United States",2026-07-17_10-20-26
2026-07-17,NEW,Code Specialist (Registered Architect) (Data Centers),"Philadelphia, Pennsylvania, United States",2026-07-17_10-20-26
2026-07-17,NEW,Structural Engineer/Inspection Team Leader (Bridge and Tunnel),"Boston, Massachusetts, United States",2026-07-17_10-20-26
2026-07-17,NEW,Operator,"Southbridge, Massachusetts, United States",2026-07-17_10-20-26
2026-07-17,NEW,Senior Buyer,"Greenville, South Carolina, United States",2026-07-17_10-20-26
2026-07-17,NEW,Project Operations Professional,"Spartanburg, South Carolina, United States",2026-07-17_10-20-26
2026-07-17,NEW,Senior Project Architect / Design Manager (Cities & Places),"Bellevue, Washington, United States",2026-07-17_10-20-26
2026-07-17,NEW,Construction Cost Estimator – Thermal Power Generation Projects,"Greenville, South Carolina, United States",2026-07-17_10-20-26
2026-07-17,NEW,Construction Contract Change Manager (Data Centers),"Philadelphia, Pennsylvania, United States",2026-07-17_10-20-26
2026-07-17,NEW,Commissioning Manager,"Los Angeles, California, United States",2026-07-17_10-20-26
2026-07-17,NEW,Field Engineer (Data Centers),"Corpus Christi, Texas, United States",2026-07-17_10-20-26
2026-07-17,NEW,Project Manager - Ports & Maritime,"Boston, Massachusetts, United States",2026-07-17_10-20-26
2026-07-17,NEW,Senior Electrical Engineer (37148),"Boise, Idaho, United States",2026-07-17_10-20-26
2026-07-17,NEW,Associate Hydrogeologist,"Bellevue, Washington, United States",2026-07-17_10-20-26
2026-07-17,NEW,Program Manager – Energy & Power,"Columbus, Ohio, United States",2026-07-17_10-20-26
2026-07-17,NEW,"Civil Works Design Professionals - Civil, Structural, Mechanical, and Electrical Engineers, and Project Managers","Dallas, Texas, United States",2026-07-17_10-20-26
2026-07-17,NEW,Project Manager - Stormwater,"Richmond, Virginia, United States",2026-07-17_10-20-26
2026-07-17,NEW,Project Manager - Wastewater,"Milwaukee, Wisconsin, United States",2026-07-17_10-20-26
2026-07-17,NEW,Senior Rail Vehicle Program Manager,"Boston, Massachusetts, United States",2026-07-17_10-20-26
2026-07-17,NEW,Project Engineer - Water/Wastewater,"Boston, Massachusetts, United States",2026-07-17_10-20-26
2026-07-17,NEW,Senior Electrical Engineer,"Reston, Virginia, United States",2026-07-17_10-20-26
2026-07-17,NEW,Lead Process Mechanical Engineer,"Cleveland, Ohio, United States",2026-07-17_10-20-26
2026-07-17,NEW,Process Mechanical Engineer,"St. Louis, Missouri, United States",2026-07-17_10-20-26
2026-08-24,NEW,Senior PMCM Federal Program Manager - Nellis AFB,"Las Vegas, Nevada, United States",2026-08-24_10-48-40
2026-08-24,NEW,Jr. Scheduler - Houston TX,"Houston, Texas, United States",2026-08-24_10-48-40
2026-08-24,NEW,Chemical / Process Engineering Intern (AM) - Summer 2027,"Greenville, South Carolina, United States",2026-08-24_10-48-40
2026-08-24,NEW,Survey Instrument Operator (Land Survey),"Mcdonough, Georgia, United States",2026-08-24_10-48-40
2026-08-24,NEW,Water Conveyance Project Manager,"Bellevue, Washington, United States",2026-08-24_10-48-40
2026-08-24,NEW,Entry Level Architectural Designer,"Philadelphia, Pennsylvania, United States",2026-08-24_10-48-40
2026-08-24,NEW,Senior Track Engineer,"New York, New York, United States",2026-08-24_10-48-40
2026-08-24,NEW,Meter Reader,"The Villages, Florida, United States",2026-08-24_10-48-40
2026-08-24,NEW,Healthcare Deputy Program Director- Inpatient Towers,"Austin, Texas, United States",2026-08-24_10-48-40
2026-08-24,NEW,Planner/Scheduler/Cost Control Professional -- San Francisco CA,"San Francisco, California, United States",2026-08-24_10-48-40
2026-08-24,NEW,Customer Service Support,"Boise, Idaho, United States",2026-08-24_10-48-40
2026-08-24,NEW,Quantity Surveyor (Data Centers),"Saint Francisville, Louisiana, United States",2026-08-24_10-48-40
2026-08-24,NEW,"Environmental Field Technician- Hobbs, NM","Midland, Texas, United States",2026-08-24_10-48-40
2026-08-24,NEW,Underground Transmission Line Design Lead,"Denver, Colorado, United States",2026-08-24_10-48-40
2026-08-24,NEW,Digital Environmental Consultant,"Houston, Texas, United States",2026-08-24_10-48-40
2026-08-24,NEW,Civil Engineering Intern - Highways/ Roadways - Summer 2027,"Nashville, Tennessee, United States",2026-08-24_10-48-40
2026-08-24,NEW,"Wastewater Assistant Project Manager - Jackson, MS","Jackson, Mississippi, United States",2026-08-24_10-48-40
2026-08-24,NEW,Subsurface Utility Investigator,"Denver, Colorado, United States",2026-08-24_10-48-40
2026-08-24,NEW,"Collections Operator - The Villages, FL","The Villages, Florida, United States",2026-08-24_10-48-40
2026-08-24,NEW,Water Engineering Intern – Summer 2027,"Milwaukee, Wisconsin, United States",2026-08-24_10-48-40
2026-08-24,NEW,Process Mechanical Engineer,"Honolulu, Hawaii, United States",2026-08-24_10-48-40
2026-08-24,NEW,Maui Civil Engineering Project Manager,"Honolulu, Hawaii, United States",2026-08-24_10-48-40
2026-08-24,NEW,Client Account Manager - New England Water,"Boston, Massachusetts, United States",2026-08-24_10-48-40
2026-08-24,NEW,Senior Electrical Engineer,"Denver, Colorado, United States",2026-08-24_10-48-40
2026-08-24,NEW,Junior Civil Design Technician,"Austin, Texas, United States",2026-08-24_10-48-40
2026-08-24,NEW,"Parks Maintenance Technician II - Centennial, CO","Centennial, Colorado, United States",2026-08-24_10-48-40
2026-08-24,NEW,Electrical Engineering Professional Career Level,"Atlanta, Georgia, United States",2026-08-24_10-48-40
2026-08-24,NEW,Entry Level Architectural Technician,"Orlando, Florida, United States",2026-08-24_10-48-40
2026-08-24,NEW,Graphic Designer - Strategic Pursuits,"Denver, Colorado, United States",2026-08-24_10-48-40
2026-08-24,NEW,"Instrumentation and Controls Technician - Denver, CO","Denver, Colorado, United States",2026-08-24_10-48-40
2026-08-24,NEW,Senior Transportation Data Analyst (Part-Time),"Atlanta, Georgia, United States",2026-08-24_10-48-40
2026-08-24,NEW,Ferries Terminal Design Manager - West Coast,"Bellevue, Washington, United States",2026-08-24_10-48-40
2026-08-24,NEW,Senior Structural Engineer - Ports and Maritime,"Bellevue, Washington, United States",2026-08-24_10-48-40
2026-08-24,NEW,Owner’s Advisor/Program Manager – Energy & Power (Pacific NW),"Portland, Oregon, United States",2026-08-24_10-48-40
2026-08-24,NEW,Remediation Design Engineer,"Chicago, Illinois, United States",2026-08-24_10-48-40
2026-08-24,NEW,"Health & Safety Site Specialist - Oklahoma City, OK","Oklahoma City, Oklahoma, United States",2026-08-24_10-48-40
2026-08-24,NEW,Mechanical Engineer - Energy & Power,"Denver, Colorado, United States",2026-08-24_10-48-40
2026-08-24,NEW,Senior Project Manager (Water/Wastewater) - South Florida,"Fort Lauderdale, Florida, United States",2026-08-24_10-48-40
2026-08-24,NEW,Instrumentation & Control Designer (Data Centers),"Philadelphia, Pennsylvania, United States",2026-08-24_10-48-40
2026-08-24,NEW,Senior Plumbing Designer (LSNA-OH/IN/PA/NC),"Cincinnati, Ohio, United States",2026-08-24_10-48-40
2026-08-24,NEW,"Design Architect (Syracuse/Albany, NY) 42458","Albany, New York, United States",2026-08-24_10-48-40
2026-08-24,NEW,"Design Architect (Syracuse/Albany, NY) 42457","Syracuse, New York, United States",2026-08-24_10-48-40
2026-08-24,NEW,"Growth and Sales Executive, Vice President - Texas Transportation Public Sector Clients","Dallas, Texas, United States",2026-08-24_10-48-40
2026-08-24,NEW,Facilities Support Lead,"Honolulu, Hawaii, United States",2026-08-24_10-48-40
2026-08-24,NEW,Chief Estimator - Water/Wastewater Design Build,"Denver, Colorado, United States",2026-08-24_10-48-40
2026-08-24,NEW,Project Manager/ Project Director - Water Design Build,"Los Angeles, California, United States",2026-08-24_10-48-40
2026-08-24,NEW,Electrical Inspector/Construction Coordinator,"Tampa, Florida, United States",2026-08-24_10-48-40
2026-08-24,NEW,Mechanical Inspector,"Tampa, Florida, United States",2026-08-24_10-48-40
2026-08-24,NEW,Structural Inspector,"Tampa, Florida, United States",2026-08-24_10-48-40
2026-08-24,NEW,Mechanical Engineer (OH),"Columbus, Ohio, United States",2026-08-24_10-48-40
2026-08-24,NEW,Entry-Level/Intermediate Mechanical / Process Engineer (Tool Install),"Hillsboro, Oregon, United States",2026-08-24_10-48-40
2026-08-24,NEW,National Lead – Gas Power Generation,"Denver, Colorado, United States",2026-08-24_10-48-40
2026-08-24,NEW,Lead Structural/Bridge Engineer,"Nashville, Tennessee, United States",2026-08-24_10-48-40
2026-08-24,NEW,Mid-Level Cost Control Analyst-East/West U.S.,"Denver, Colorado, United States",2026-08-24_10-48-40
2026-08-24,NEW,Plumbing Designer (Data Center),"Dallas, Texas, United States",2026-08-24_10-48-40
2026-08-24,NEW,Electrical Engineer - Cities & Places,"Boise, Idaho, United States",2026-08-24_10-48-40
2026-08-24,NEW,Environmental Remediation Project Manager,"Oakland, California, United States",2026-08-24_10-48-40
2026-08-24,NEW,"Administrative Assistant - Quincy, WA","Quincy, Washington, United States",2026-08-24_10-48-40
2026-08-24,NEW,Sr. Construction Manager - Rail,"Oakland, California, United States",2026-08-24_10-48-40
2026-08-24,NEW,Walkdown/Turnover Team Lead,"Saint Francisville, Louisiana, United States",2026-08-24_10-48-40
2026-08-24,NEW,"Lead Wastewater Operator - Wilsonville, OR","Wilsonville, Oregon, United States",2026-08-24_10-48-40
2026-08-24,NEW,Capture Manager,"Philadelphia, Pennsylvania, United States",2026-08-24_10-48-40
2026-08-24,NEW,Lead Energy Planner,"Denver, Colorado, United States",2026-08-24_10-48-40
2026-08-24,NEW,Protection and Control (P&C) Engineer – Transmission,"Toronto, Ontario, Canada",2026-08-24_10-48-40
2026-08-24,NEW,Senior Substation Engineer - Physical Design,"Denver, Colorado, United States",2026-08-24_10-48-40
2026-08-24,NEW,Senior Substation Engineer - Physical Design (Seattle/Portland/Boise),"Portland, Oregon, United States",2026-08-24_10-48-40
2026-08-24,NEW,Principal Substation Engineer (Seattle/Portland/Boise),"Portland, Oregon, United States",2026-08-24_10-48-40
2026-08-24,NEW,Project Architect - Cities & Places,"Bellevue, Washington, United States",2026-08-24_10-48-40
2026-08-24,NEW,Transportation Design Engineer,"Spokane, Washington, United States",2026-08-24_10-48-40
2026-08-24,NEW,Senior Mechanical Conveyance Engineer,"Corvallis, Oregon, United States",2026-08-24_10-48-40
2026-08-24,NEW,Project Manager - Water/Wastewater,"Morristown, New Jersey, United States",2026-08-24_10-48-40
2026-08-24,NEW,Sr. Mechanical Engineer - Tunnel Ventilation/HVAC Design,"New York, New York, United States",2026-08-24_10-48-40
2026-08-24,NEW,Software Engineer,"Chantilly, Virginia, United States",2026-08-24_10-48-40
2026-08-24,NEW,Project Architect - Federal,"Honolulu, Hawaii, United States",2026-08-24_10-48-40
2026-08-24,NEW,Rigging Superintendent (Data Centers),"Saint Francisville, Louisiana, United States",2026-08-24_10-48-40
2026-08-24,NEW,Site Civil Engineer,"Knoxville, Tennessee, United States",2026-08-24_10-48-40
2026-08-24,NEW,Senior Water Treatment Engineer (Drinking Water & Reuse),"Naples, Florida, United States",2026-08-24_10-48-40
2026-08-24,NEW,Design Architect (37615),"Pittsburgh, Pennsylvania, United States",2026-08-24_10-48-40
2026-08-24,NEW,Fire Protection Engineer - Security Clearance required,"Washington, District of Columbia, United States",2026-08-24_10-48-40
2026-08-24,NEW,Senior Project Architecture (LSNA-PA/OH/IN/NC/TX/VA),"Conshohocken, Pennsylvania, United States",2026-08-24_10-48-40
2026-08-24,NEW,Project Manager (LSNA-OH),"Cincinnati, Ohio, United States",2026-08-24_10-48-40
2026-08-24,NEW,Construction Manager (Data Centers),"Corpus Christi, Texas, United States",2026-08-24_10-48-40
2026-08-24,NEW,Mechanical Superintendent (Data Centers),"Corpus Christi, Texas, United States",2026-08-24_10-48-40
2026-08-24,NEW,E & I Superintendent (Data Centers),"Corpus Christi, Texas, United States",2026-08-24_10-48-40
2026-08-24,NEW,Sr Construction Manager (Data Centers),"Corpus Christi, Texas, United States",2026-08-24_10-48-40
2026-08-24,NEW,Senior Rail & Transit Vehicles/Systems Project Manager,"New York, New York, United States",2026-08-24_10-48-40
2026-08-24,NEW,Client Service Leader - Water,"Boston, Massachusetts, United States",2026-08-24_10-48-40
2026-08-24,NEW,Engineering Team Lead - Water/Wastewater,"Atlanta, Georgia, United States",2026-08-24_10-48-40
2026-08-24,NEW,Senior Design Manager - Water/Wastewater,"Atlanta, Georgia, United States",2026-08-24_10-48-40
2026-08-24,NEW,Design Project Manager - Federal,"Anchorage, Alaska, United States",2026-08-24_10-48-40
2026-08-24,NEW,Project Manager - Water/Wastewater,"Philadelphia, Pennsylvania, United States",2026-08-24_10-48-40
2026-08-24,NEW,BIM/VDC Coordinator - Data Centers,"Dallas, Texas, United States",2026-08-24_10-48-40
2026-08-24,NEW,Sr Project Architect (Data Centers),"Philadelphia, Pennsylvania, United States",2026-08-24_10-48-40
2026-08-24,NEW,Senior Water/Wastewater Project Manager,"Detroit, Michigan, United States",2026-08-24_10-48-40
2026-08-24,NEW,Project Manager - Water Treatment/Pumping,"Richmond, Virginia, United States",2026-08-24_10-48-40
2026-09-04,NEW,Transit Vehicle Engineer Professional Associate,"Los Angeles, California, United States",2026-09-04_15-06-12
2026-09-04,NEW,Structural Engineering Professional,"Dallas, Texas, United States",2026-09-04_15-06-12
2026-09-04,NEW,"Walkdown/Turnover Specialist - Mechanical/Electrical/CSA (LSNA-Clayton, NC)","Cary, North Carolina, United States",2026-09-04_15-06-12
2026-09-04,NEW,Senior Instrumentation and Controls Engineer - Hybrid (LSNA-PA/OH/IN/NC),"Conshohocken, Pennsylvania, United States",2026-09-04_15-06-12
2026-09-04,NEW,Mechanical Engineer,"Tempe, Arizona, United States",2026-09-04_15-06-12
2026-09-04,NEW,Project Architect,"Bellevue, Washington, United States",2026-09-04_15-06-12
2026-09-04,NEW,Resident Project Representative -Water & Wastewater Pipeline,"El Paso, Texas, United States",2026-09-04_15-06-12
2026-09-04,NEW,Customer Service Support - Cities & Places,"Boise, Idaho, United States",2026-09-04_15-06-12
2026-09-04,NEW,Mid Level Geotechnical Engineer,"Bellevue, Washington, United States",2026-09-04_15-06-12
2026-09-04,NEW,"Operational Readiness, Activation & Transition (ORAT) Specialist","Denver, Colorado, United States",2026-09-04_15-06-12
2026-09-04,NEW,Gas Fired Power Plant Commissioning Manager,"Denver, Colorado, United States",2026-09-04_15-06-12
2026-09-04,NEW,Architectural BIM/CADD Technician,"Bellevue, Washington, United States",2026-09-04_15-06-12
2026-09-04,NEW,Design Build Design Manager,"Chicago, Illinois, United States",2026-09-04_15-06-12
2026-09-04,NEW,Overhead Transmission Line Design Lead,"Denver, Colorado, United States",2026-09-04_15-06-12
2026-09-04,NEW,Aviation Quality Manager,"Ontario, California, United States",2026-09-04_15-06-12
2026-09-04,NEW,Roadway Engineer,"Madison, Wisconsin, United States",2026-09-04_15-06-12
2026-09-04,NEW,Building Mechanical Engineer,"Bellevue, Washington, United States",2026-09-04_15-06-12
2026-09-04,NEW,Water Engineering Intern - Fall 2026,"El Paso, Texas, United States",2026-09-04_15-06-12
2026-09-04,NEW,Building Mechanical Engineer,"Denver, Colorado, United States",2026-09-04_15-06-12
2026-09-04,NEW,Piping Engineer (Advanced Manufacturing),"Pittsburgh, Pennsylvania, United States",2026-09-04_15-06-12
2026-09-04,NEW,Healthcare Deputy Program Director – Infrastructure & Utilities,"Austin, Texas, United States",2026-09-04_15-06-12
2026-09-04,NEW,Document Controls (LSNA-TX),"Houston, Texas, United States",2026-09-04_15-06-12
2026-09-04,NEW,Senior/Lead Electrical Engineer: Energy and Power (Nationwide),"Philadelphia, Pennsylvania, United States",2026-09-04_15-06-12
2026-09-04,NEW,"Wastewater Plant Manager - Oklahoma City, OK","Oklahoma City, Oklahoma, United States",2026-09-04_15-06-12
2026-09-04,NEW,Right of Way Agent ROW (Northern California),"Sacramento, California, United States",2026-09-04_15-06-12
2026-09-04,NEW,"Laboratory Manager - Oklahoma City, OK","Oklahoma City, Oklahoma, United States",2026-09-04_15-06-12
2026-09-04,NEW,"Maintenance Manager – Oklahoma City, OK","Oklahoma City, Oklahoma, United States",2026-09-04_15-06-12
2026-09-04,NEW,Construction Risk Manager - Columbus OH,"Columbus, Ohio, United States",2026-09-04_15-06-12
2026-09-04,NEW,Mechanical Construction Technical Services Specialist (Data Centers),"Corpus Christi, Texas, United States",2026-09-04_15-06-12
2026-09-04,NEW,Mechanical Construction Technical Services Lead (Data Centers),"Corpus Christi, Texas, United States",2026-09-04_15-06-12
2026-09-04,NEW,Project Controls (LSNA-TX/VA/NC),"Richmond, Virginia, United States",2026-09-04_15-06-12
2026-09-04,NEW,Civil/Structural/Arch Construction Technical Services Lead (Data Centers),"Corpus Christi, Texas, United States",2026-09-04_15-06-12
2026-09-04,NEW,Civil/Structural/Arch Construction Technical Services Specialist (Data Centers),"Corpus Christi, Texas, United States",2026-09-04_15-06-12
2026-09-04,NEW,Electrical Technical Services Lead (Data Centers),"Corpus Christi, Texas, United States",2026-09-04_15-06-12
2026-09-04,NEW,Electrical Construction Technical Services Specialist,"Corpus Christi, Texas, United States",2026-09-04_15-06-12
2026-09-04,NEW,Water Engineering Intern - Summer 2027,"St. Louis, Missouri, United States",2026-09-04_15-06-12
2026-09-04,NEW,Tool Install Construction Coordinator (Superintendent),"Manassas, Virginia, United States",2026-09-04_15-06-12
2026-09-04,NEW,Instruments & Controls CAD Intern,"Corvallis, Oregon, United States",2026-09-04_15-06-12
2026-09-04,NEW,Structural Engineering Professional Associate - NW Region,"Portland, Oregon, United States",2026-09-04_15-06-12
2026-09-04,NEW,Senior NEPA Environmental Lead,"Chicago, Illinois, United States",2026-09-04_15-06-12
2026-09-04,NEW,Fire Protection Engineer (Data Centers),"Philadelphia, Pennsylvania, United States",2026-09-04_15-06-12
2026-09-04,NEW,Transportation Growth Leader/ Client Account Manager (CAM),"Boston, Massachusetts, United States",2026-09-04_15-06-12
2026-09-04,NEW,Senior Electrical Superintendent (LSNA-NC),"Cary, North Carolina, United States",2026-09-04_15-06-12
2026-09-04,NEW,Federal Project Manager - Civil Works,"New York, New York, United States",2026-09-04_15-06-12
2026-09-04,NEW,"Senior Electrician / Lead Electrician - Jackson, MS","Jackson, Mississippi, United States",2026-09-04_15-06-12
2026-09-04,NEW,Lab Analyst I,"Jackson, Mississippi, United States",2026-09-04_15-06-12
2026-09-04,NEW,Sr Project Manager - AI Data Centers,"Conshohocken, Pennsylvania, United States",2026-09-04_15-06-12
2026-09-04,NEW,Electrical Estimator,"Denver, Colorado, United States",2026-09-04_15-06-12
2026-09-04,NEW,Project Manager - Water Design Build,"San Francisco, California, United States",2026-09-04_15-06-12
2026-09-04,NEW,Project Manager - Water Design Build,"Los Angeles, California, United States",2026-09-04_15-06-12
2026-09-04,NEW,Preconstruction Manager - Design-Build,"San Francisco, California, United States",2026-09-04_15-06-12
2026-09-04,NEW,Commissioning Manager,"Los Angeles, California, United States",2026-09-04_15-06-12
2026-09-04,NEW,Senior CEI Project Engineer,"Jacksonville, Florida, United States",2026-09-04_15-06-12
2026-09-04,NEW,"Proposal Manager, Geographic Sales Operations - NorCal U.S.","Sacramento, California, United States",2026-09-04_15-06-12
2026-09-04,NEW,Rail Civil Engineer Lead,"Honolulu, Hawaii, United States",2026-09-04_15-06-12
2026-09-04,NEW,Senior Transportation Project Manager,"Honolulu, Hawaii, United States",2026-09-04_15-06-12
2026-09-04,NEW,Intermediate/Mid-Level Planner/Scheduler Professional - U.S.,"Denver, Colorado, United States",2026-09-04_15-06-12
2026-09-04,NEW,Electrical Designer,"Portland, Oregon, United States",2026-09-04_15-06-12
2026-09-04,NEW,Controls Technician,"Santa Clara, California, United States",2026-09-04_15-06-12
2026-09-04,NEW,Purchasing Manager (LSNA-NC/PA),"Conshohocken, Pennsylvania, United States",2026-09-04_15-06-12
2026-09-04,NEW,Buyer (LSNA-NC/PA),"Conshohocken, Pennsylvania, United States",2026-09-04_15-06-12
2026-09-04,NEW,Sr Instrumentation & Control Engineer (Data Centers),"Philadelphia, Pennsylvania, United States",2026-09-04_15-06-12
2026-09-04,NEW,Project Procurement Manager (LSNA-NC/PA),"Conshohocken, Pennsylvania, United States",2026-09-04_15-06-12
2026-09-04,NEW,Senior Structural Engineer – Substation,"Chattanooga, Tennessee, United States",2026-09-04_15-06-12
2026-09-04,NEW,Entry Level Construction Project Engineer,"St. Louis, Missouri, United States",2026-09-04_15-06-12
2026-09-04,NEW,"Sr. Planner/Scheduler - Tampa, FL","Tampa, Florida, United States",2026-09-04_15-06-12
2026-09-04,NEW,"Sr. Cost Controls Professional - Tampa, FL","Tampa, Florida, United States",2026-09-04_15-06-12
2026-09-04,NEW,Mid-Level Planner / Scheduler,"Tampa, Florida, United States",2026-09-04_15-06-12
2026-09-04,NEW,Project Manager - Healthcare Buildings,"San Diego, California, United States",2026-09-04_15-06-12
2026-09-04,NEW,"Jr. Project Controls Professional - Tampa, FL","Tampa, Florida, United States",2026-09-04_15-06-12
2026-09-04,NEW,"Emergency Management Program Manager - Pompano Beach, FL","Pompano Beach, Florida, United States",2026-09-04_15-06-12
2026-09-04,NEW,Highway/Roadway Project Manager,"Oklahoma City, Oklahoma, United States",2026-09-04_15-06-12
2026-09-04,NEW,Technical Project Architect,"Dallas, Texas, United States",2026-09-04_15-06-12
2026-09-04,NEW,Structural Inspector - Federal PMCM (night shift),"Washington, District of Columbia, United States",2026-09-04_15-06-12
2026-09-04,NEW,Lead Technologist/ Project Manager – Energy Solutions Advisory,"Denver, Colorado, United States",2026-09-04_15-06-12
2026-09-04,NEW,Digital Delivery VDC Manager - Remote/Hybrid (LSNA-TX),"Houston, Texas, United States",2026-09-04_15-06-12
2026-09-04,NEW,Senior Electrical Engineer - security clearance required,"Huntsville, Alabama, United States",2026-09-04_15-06-12
2026-09-04,NEW,Senior Design Manager - Ports and Maritime,"Houston, Texas, United States",2026-09-04_15-06-12
2026-09-04,NEW,Airfield Electrical Engineer,"Englewood, Colorado, United States",2026-09-04_15-06-12
2026-09-04,NEW,Structural Engineer SME - AI Data Centers,"Philadelphia, Pennsylvania, United States",2026-09-04_15-06-12
2026-09-04,NEW,Roadway Design Lead,"Columbus, Ohio, United States",2026-09-04_15-06-12
2026-09-04,NEW,Construction Manager - TS/SCI CI Poly - OCONUS,"Arlington, Virginia, United States",2026-09-04_15-06-12
2026-09-04,NEW,Senior Civil Engineer (Water/Wastewater),"Gainesville, Florida, United States",2026-09-04_15-06-12
2026-09-04,NEW,Geotechnical Engineer,"Reston, Virginia, United States",2026-09-04_15-06-12
2026-09-04,NEW,Senior Alternative Delivery Manager (Highway/Bridge) (Carolinas),"Cary, North Carolina, United States",2026-09-04_15-06-12
2026-09-04,NEW,Senior Alternative Delivery Manager (Highway/Bridge) (FL),"Orlando, Florida, United States",2026-09-04_15-06-12
2026-09-04,NEW,Senior Alternative Delivery Manager (Highway/Bridge) (GA),"Atlanta, Georgia, United States",2026-09-04_15-06-12
2026-09-04,NEW,Structural Bridge Engineer,"West Des Moines, Iowa, United States",2026-09-04_15-06-12
2026-09-04,NEW,Lead Ports Electrical Engineer,"New York, New York, United States",2026-09-04_15-06-12
2026-09-04,NEW,Mechanical Engineer - Federal,"St. Louis, Missouri, United States",2026-09-04_15-06-12
2026-09-04,NEW,Senior Electrical Engineer (Water/Wastewater),"Gainesville, Florida, United States",2026-09-04_15-06-12
